-- phpMyAdmin SQL Dump
-- version 4.2.11
-- http://www.phpmyadmin.net
--
-- Host: 127.0.0.1
-- Generation Time: Mar 07, 2017 at 06:59 PM
-- Server version: 5.6.21
-- PHP Version: 5.6.3

SET SQL_MODE = "NO_AUTO_VALUE_ON_ZERO";
SET time_zone = "+00:00";


/*!40101 SET @OLD_CHARACTER_SET_CLIENT=@@CHARACTER_SET_CLIENT */;
/*!40101 SET @OLD_CHARACTER_SET_RESULTS=@@CHARACTER_SET_RESULTS */;
/*!40101 SET @OLD_COLLATION_CONNECTION=@@COLLATION_CONNECTION */;
/*!40101 SET NAMES utf8 */;

--
-- Database: `emt`
--

-- --------------------------------------------------------

--
-- Table structure for table `accounts_corporateuser`
--

CREATE TABLE IF NOT EXISTS `accounts_corporateuser` (
`id` int(11) NOT NULL,
  `comapny_name` varchar(100) NOT NULL,
  `aadhar_card` varchar(20) NOT NULL,
  `user_id` int(11) NOT NULL,
  `contact_no` varchar(11) NOT NULL
) ENGINE=InnoDB AUTO_INCREMENT=5 DEFAULT CHARSET=latin1;

--
-- Dumping data for table `accounts_corporateuser`
--

INSERT INTO `accounts_corporateuser` (`id`, `comapny_name`, `aadhar_card`, `user_id`, `contact_no`) VALUES
(1, 'dasds45s', '4567891234567852', 2, '8963256895'),
(2, 'sss4545ss', '42356432123456', 3, '4561237895'),
(3, '456chahes56', '45745896547851245', 4, '7354732013'),
(4, 'asdbaskjdb sad ', '7894561234567895', 9, '7548963214');

-- --------------------------------------------------------

--
-- Table structure for table `accounts_normaluser`
--

CREATE TABLE IF NOT EXISTS `accounts_normaluser` (
`id` int(11) NOT NULL,
  `user_id` int(11) NOT NULL,
  `aadhar_card` varchar(20) NOT NULL,
  `contact_no` varchar(11) NOT NULL
) ENGINE=InnoDB AUTO_INCREMENT=5 DEFAULT CHARSET=latin1;

--
-- Dumping data for table `accounts_normaluser`
--

INSERT INTO `accounts_normaluser` (`id`, `user_id`, `aadhar_card`, `contact_no`) VALUES
(1, 1, '1234567890', '7770806859'),
(2, 6, '1234556565623323', '2345678901'),
(3, 8, '894561289465184', '7412014578'),
(4, 10, '5465456465435', '9867545123');

-- --------------------------------------------------------

--
-- Table structure for table `auth_group`
--

CREATE TABLE IF NOT EXISTS `auth_group` (
`id` int(11) NOT NULL,
  `name` varchar(80) NOT NULL
) ENGINE=InnoDB DEFAULT CHARSET=latin1;

-- --------------------------------------------------------

--
-- Table structure for table `auth_group_permissions`
--

CREATE TABLE IF NOT EXISTS `auth_group_permissions` (
`id` int(11) NOT NULL,
  `group_id` int(11) NOT NULL,
  `permission_id` int(11) NOT NULL
) ENGINE=InnoDB DEFAULT CHARSET=latin1;

-- --------------------------------------------------------

--
-- Table structure for table `auth_permission`
--

CREATE TABLE IF NOT EXISTS `auth_permission` (
`id` int(11) NOT NULL,
  `name` varchar(255) NOT NULL,
  `content_type_id` int(11) NOT NULL,
  `codename` varchar(100) NOT NULL
) ENGINE=InnoDB AUTO_INCREMENT=64 DEFAULT CHARSET=latin1;

--
-- Dumping data for table `auth_permission`
--

INSERT INTO `auth_permission` (`id`, `name`, `content_type_id`, `codename`) VALUES
(1, 'Can add log entry', 1, 'add_logentry'),
(2, 'Can change log entry', 1, 'change_logentry'),
(3, 'Can delete log entry', 1, 'delete_logentry'),
(4, 'Can add permission', 2, 'add_permission'),
(5, 'Can change permission', 2, 'change_permission'),
(6, 'Can delete permission', 2, 'delete_permission'),
(7, 'Can add group', 3, 'add_group'),
(8, 'Can change group', 3, 'change_group'),
(9, 'Can delete group', 3, 'delete_group'),
(10, 'Can add user', 4, 'add_user'),
(11, 'Can change user', 4, 'change_user'),
(12, 'Can delete user', 4, 'delete_user'),
(13, 'Can add content type', 5, 'add_contenttype'),
(14, 'Can change content type', 5, 'change_contenttype'),
(15, 'Can delete content type', 5, 'delete_contenttype'),
(16, 'Can add session', 6, 'add_session'),
(17, 'Can change session', 6, 'change_session'),
(18, 'Can delete session', 6, 'delete_session'),
(19, 'Can add normal user', 7, 'add_normaluser'),
(20, 'Can change normal user', 7, 'change_normaluser'),
(21, 'Can delete normal user', 7, 'delete_normaluser'),
(22, 'Can add corporate user', 8, 'add_corporateuser'),
(23, 'Can change corporate user', 8, 'change_corporateuser'),
(24, 'Can delete corporate user', 8, 'delete_corporateuser'),
(25, 'Can add city', 9, 'add_city'),
(26, 'Can change city', 9, 'change_city'),
(27, 'Can delete city', 9, 'delete_city'),
(28, 'Can add locality', 10, 'add_locality'),
(29, 'Can change locality', 10, 'change_locality'),
(30, 'Can delete locality', 10, 'delete_locality'),
(31, 'Can add venues', 11, 'add_venues'),
(32, 'Can change venues', 11, 'change_venues'),
(33, 'Can delete venues', 11, 'delete_venues'),
(34, 'Can add address', 12, 'add_address'),
(35, 'Can change address', 12, 'change_address'),
(36, 'Can delete address', 12, 'delete_address'),
(37, 'Can add club', 13, 'add_club'),
(38, 'Can change club', 13, 'change_club'),
(39, 'Can delete club', 13, 'delete_club'),
(40, 'Can add entry_ type', 14, 'add_entry_type'),
(41, 'Can change entry_ type', 14, 'change_entry_type'),
(42, 'Can delete entry_ type', 14, 'delete_entry_type'),
(43, 'Can add entry_rate', 15, 'add_entry_rate'),
(44, 'Can change entry_rate', 15, 'change_entry_rate'),
(45, 'Can delete entry_rate', 15, 'delete_entry_rate'),
(46, 'Can add service', 16, 'add_service'),
(47, 'Can change service', 16, 'change_service'),
(48, 'Can delete service', 16, 'delete_service'),
(49, 'Can add status', 17, 'add_status'),
(50, 'Can change status', 17, 'change_status'),
(51, 'Can delete status', 17, 'delete_status'),
(52, 'Can add booking', 18, 'add_booking'),
(53, 'Can change booking', 18, 'change_booking'),
(54, 'Can delete booking', 18, 'delete_booking'),
(55, 'Can add order venue', 19, 'add_ordervenue'),
(56, 'Can change order venue', 19, 'change_ordervenue'),
(57, 'Can delete order venue', 19, 'delete_ordervenue'),
(58, 'Can add payment_ method', 20, 'add_payment_method'),
(59, 'Can change payment_ method', 20, 'change_payment_method'),
(60, 'Can delete payment_ method', 20, 'delete_payment_method'),
(61, 'Can add payment', 21, 'add_payment'),
(62, 'Can change payment', 21, 'change_payment'),
(63, 'Can delete payment', 21, 'delete_payment');

-- --------------------------------------------------------

--
-- Table structure for table `auth_user`
--

CREATE TABLE IF NOT EXISTS `auth_user` (
`id` int(11) NOT NULL,
  `password` varchar(128) NOT NULL,
  `last_login` datetime(6) DEFAULT NULL,
  `is_superuser` tinyint(1) NOT NULL,
  `username` varchar(30) NOT NULL,
  `first_name` varchar(30) NOT NULL,
  `last_name` varchar(30) NOT NULL,
  `email` varchar(254) NOT NULL,
  `is_staff` tinyint(1) NOT NULL,
  `is_active` tinyint(1) NOT NULL,
  `date_joined` datetime(6) NOT NULL
) ENGINE=InnoDB AUTO_INCREMENT=11 DEFAULT CHARSET=latin1;

--
-- Dumping data for table `auth_user`
--

INSERT INTO `auth_user` (`id`, `password`, `last_login`, `is_superuser`, `username`, `first_name`, `last_name`, `email`, `is_staff`, `is_active`, `date_joined`) VALUES
(1, 'pbkdf2_sha256$24000$zX15ohT2X9W5$W/HZl6F78LzvVhiCB12vBhJZfmpZDhmA8XMZUbFPA2A=', '2017-03-06 19:00:51.210000', 1, 'shivam', 'Shivam', 'Sinha', 'sinhashivam04@gmail.com', 1, 1, '2017-02-25 12:07:24.000000'),
(2, '', NULL, 0, 'tanmay', 'Tanmay', 'Gadpayle', 'tanmay@w.com', 0, 1, '2017-02-28 17:50:48.758000'),
(3, 'pbkdf2_sha256$24000$j4OC2HNydV12$YRQNJ5UGDqABKsQcRMsVdQkJxs6YhBuPQf8ruw5sFuA=', '2017-03-06 10:14:37.487000', 0, 'jaroli', 'Shubham', 'Jaroli', 'jaroli@jaroli.com', 0, 1, '2017-02-28 17:56:06.203000'),
(4, 'pbkdf2_sha256$24000$zOzZGw28Uvv3$SXPh0VEIhjZwBMEckunI/1r1w0oAgoiu4E/n1aUlajA=', '2017-02-28 18:00:01.546000', 0, 'chahes', 'Chahes', 'Chopra', 'chahes@c.com', 0, 1, '2017-02-28 18:00:00.663000'),
(5, 'pbkdf2_sha256$24000$2jJpU1hZB4Ft$g3b7efC7tYW1PVpRAwLdfoJmYHOnKKOEcEbpv9fQwoU=', NULL, 0, 'iqbal', 'Iqbal', 'Khan', 'dfg@hkf.com', 0, 1, '2017-03-04 17:13:53.394000'),
(6, 'pbkdf2_sha256$24000$SY3vvKBYqM7c$1ShrHQBuTat0CVYG+h5lsDck78848400v5PasOQQIyY=', '2017-03-06 18:58:10.760000', 0, 'dog', 'sf', 'bf', 'sda@asd.com', 0, 1, '2017-03-04 17:20:00.160000'),
(7, 'pbkdf2_sha256$24000$nO778uSohufn$BqbaV1Z6ev7pKgyRlAMKs/26U0JgEeWx5nuWkWZEbxA=', NULL, 0, 'cat', 'sfd', 'ds', 'sdfs@ed.com', 0, 1, '2017-03-04 17:20:54.329000'),
(8, 'pbkdf2_sha256$24000$RUdECHHtguu2$0mvu89TX5UVYtCwOFy9Gee/rVY2qhRADL8xYuHuhkiM=', '2017-03-04 17:23:44.591000', 0, 'billi', 'shd', 'dshv', 'ssdfs@ed.com', 0, 1, '2017-03-04 17:23:30.867000'),
(9, 'pbkdf2_sha256$24000$4F6r2qYwCbxQ$SmA6mVGdYXNE//9g/b1hUdyTkjkX1qeaK5Ij8nmFpME=', '2017-03-06 10:11:54.188000', 0, 'chotu', 'Vaibhav', 'Khandelwal', 'vaibhavk77@gmail.com', 0, 1, '2017-03-06 10:11:53.498000'),
(10, 'pbkdf2_sha256$24000$aLQtLDbupZNF$66CwKdB+soBIrucQQoiZnPxnaTMAsDvDIQmqlVzXo/8=', '2017-03-06 18:42:41.158000', 0, 'trk.tariqkhan@gmail.com', 'trk', 'trk', 'trk.tariqkhan@gmail.com', 0, 1, '2017-03-06 18:20:32.927000');

-- --------------------------------------------------------

--
-- Table structure for table `auth_user_groups`
--

CREATE TABLE IF NOT EXISTS `auth_user_groups` (
`id` int(11) NOT NULL,
  `user_id` int(11) NOT NULL,
  `group_id` int(11) NOT NULL
) ENGINE=InnoDB DEFAULT CHARSET=latin1;

-- --------------------------------------------------------

--
-- Table structure for table `auth_user_user_permissions`
--

CREATE TABLE IF NOT EXISTS `auth_user_user_permissions` (
`id` int(11) NOT NULL,
  `user_id` int(11) NOT NULL,
  `permission_id` int(11) NOT NULL
) ENGINE=InnoDB DEFAULT CHARSET=latin1;

-- --------------------------------------------------------

--
-- Table structure for table `bookings_booking`
--

CREATE TABLE IF NOT EXISTS `bookings_booking` (
`id` int(11) NOT NULL,
  `fromdate` datetime(6) NOT NULL,
  `todate` datetime(6) NOT NULL,
  `total` decimal(8,2) NOT NULL,
  `date_time` datetime(6) NOT NULL,
  `status_id_id` int(11) NOT NULL,
  `user_id` int(11) NOT NULL
) ENGINE=InnoDB AUTO_INCREMENT=215 DEFAULT CHARSET=latin1;

--
-- Dumping data for table `bookings_booking`
--

INSERT INTO `bookings_booking` (`id`, `fromdate`, `todate`, `total`, `date_time`, `status_id_id`, `user_id`) VALUES
(1, '2017-02-25 15:56:25.000000', '2017-02-25 15:56:27.000000', '2000.00', '2017-02-25 15:56:34.162000', 1, 1),
(2, '2017-02-28 12:30:00.000000', '2017-02-27 18:30:00.000000', '1500.00', '2017-02-26 07:43:01.668000', 1, 1),
(3, '2017-03-05 18:30:00.000000', '2017-03-05 18:30:00.000000', '800.00', '2017-02-26 07:48:00.913000', 1, 1),
(4, '2017-03-06 14:30:00.000000', '2017-03-06 14:30:00.000000', '800.00', '2017-02-26 07:49:18.557000', 1, 1),
(5, '2017-03-06 14:30:00.000000', '2017-03-05 18:30:00.000000', '800.00', '2017-02-26 07:49:37.331000', 1, 1),
(6, '2017-03-06 14:30:00.000000', '2017-03-05 18:30:00.000000', '800.00', '2017-02-26 07:59:02.445000', 1, 1),
(7, '2017-03-06 14:30:00.000000', '2017-03-05 18:30:00.000000', '800.00', '2017-02-26 07:59:05.594000', 1, 1),
(8, '2017-03-06 14:30:00.000000', '2017-03-05 18:30:00.000000', '800.00', '2017-02-26 07:59:50.098000', 1, 1),
(9, '2017-03-06 14:30:00.000000', '2017-03-05 18:30:00.000000', '800.00', '2017-02-26 08:00:03.315000', 1, 1),
(10, '2017-03-06 14:30:00.000000', '2017-03-05 18:30:00.000000', '800.00', '2017-02-26 08:00:23.522000', 1, 1),
(11, '2017-02-28 14:30:00.000000', '2017-02-27 18:30:00.000000', '1200.00', '2017-02-26 09:42:25.703000', 1, 1),
(12, '2017-02-28 14:30:00.000000', '2017-02-27 18:30:00.000000', '1200.00', '2017-02-26 09:42:28.174000', 1, 1),
(13, '2017-02-28 14:30:00.000000', '2017-02-27 18:30:00.000000', '1200.00', '2017-02-26 09:43:07.721000', 1, 1),
(14, '2017-02-28 14:30:00.000000', '2017-02-27 18:30:00.000000', '1200.00', '2017-02-26 09:43:12.512000', 1, 1),
(15, '2017-02-28 14:30:00.000000', '2017-02-27 18:30:00.000000', '1200.00', '2017-02-26 09:43:14.163000', 1, 1),
(16, '2017-02-28 14:30:00.000000', '2017-02-27 18:30:00.000000', '1200.00', '2017-02-26 09:46:04.669000', 1, 1),
(17, '2017-02-28 14:30:00.000000', '2017-02-27 18:30:00.000000', '1200.00', '2017-02-26 09:46:30.390000', 1, 1),
(18, '2017-02-28 14:30:00.000000', '2017-02-27 18:30:00.000000', '1200.00', '2017-02-26 09:46:47.517000', 1, 1),
(19, '2017-02-28 14:30:00.000000', '2017-02-27 18:30:00.000000', '1200.00', '2017-02-26 09:56:53.560000', 1, 1),
(20, '2017-02-28 14:30:00.000000', '2017-02-27 18:30:00.000000', '1200.00', '2017-02-26 09:59:27.440000', 1, 1),
(21, '2017-02-28 14:30:00.000000', '2017-02-27 18:30:00.000000', '1200.00', '2017-02-26 10:05:50.141000', 1, 1),
(22, '2017-02-28 14:30:00.000000', '2017-02-27 18:30:00.000000', '1200.00', '2017-02-26 10:07:38.808000', 1, 1),
(23, '2017-02-28 14:30:00.000000', '2017-02-27 18:30:00.000000', '1200.00', '2017-02-26 10:08:20.679000', 1, 1),
(24, '2017-02-28 14:30:00.000000', '2017-02-27 18:30:00.000000', '1200.00', '2017-02-26 10:09:56.116000', 1, 1),
(25, '2017-02-28 14:30:00.000000', '2017-02-27 18:30:00.000000', '1200.00', '2017-02-26 10:11:48.695000', 1, 1),
(26, '2017-02-28 14:30:00.000000', '2017-02-27 18:30:00.000000', '1200.00', '2017-02-26 10:28:24.613000', 1, 1),
(27, '2017-02-28 14:30:00.000000', '2017-02-27 18:30:00.000000', '1200.00', '2017-02-26 10:28:36.435000', 1, 1),
(28, '2017-02-28 14:30:00.000000', '2017-02-27 18:30:00.000000', '1200.00', '2017-02-26 10:29:26.703000', 1, 1),
(29, '2017-02-28 14:30:00.000000', '2017-02-27 18:30:00.000000', '1200.00', '2017-02-26 10:29:48.923000', 1, 1),
(30, '2017-02-28 14:30:00.000000', '2017-02-27 18:30:00.000000', '1200.00', '2017-02-26 10:30:07.744000', 1, 1),
(31, '2017-02-28 14:30:00.000000', '2017-02-27 18:30:00.000000', '1200.00', '2017-02-26 10:30:37.794000', 1, 1),
(32, '2017-02-28 14:30:00.000000', '2017-02-27 18:30:00.000000', '1200.00', '2017-02-26 10:30:52.549000', 1, 1),
(33, '2017-02-28 14:30:00.000000', '2017-02-27 18:30:00.000000', '1200.00', '2017-02-26 10:30:56.241000', 1, 1),
(34, '2017-02-28 14:30:00.000000', '2017-02-27 18:30:00.000000', '1200.00', '2017-02-26 10:31:13.395000', 1, 1),
(35, '2017-02-28 14:30:00.000000', '2017-02-27 18:30:00.000000', '1200.00', '2017-02-26 10:33:01.476000', 1, 1),
(36, '2017-02-28 14:30:00.000000', '2017-02-27 18:30:00.000000', '1200.00', '2017-02-26 10:35:01.191000', 1, 1),
(37, '2017-02-28 14:30:00.000000', '2017-02-27 18:30:00.000000', '1200.00', '2017-02-26 10:36:03.249000', 1, 1),
(38, '2017-02-28 14:30:00.000000', '2017-02-27 18:30:00.000000', '1200.00', '2017-02-26 10:36:59.038000', 1, 1),
(39, '2017-02-28 14:30:00.000000', '2017-02-27 18:30:00.000000', '1200.00', '2017-02-26 10:37:17.099000', 1, 1),
(40, '2017-02-28 14:30:00.000000', '2017-02-27 18:30:00.000000', '1200.00', '2017-02-26 10:38:00.042000', 1, 1),
(41, '2017-02-28 14:30:00.000000', '2017-02-27 18:30:00.000000', '1200.00', '2017-02-26 10:38:39.650000', 1, 1),
(42, '2017-02-28 14:30:00.000000', '2017-02-27 18:30:00.000000', '1200.00', '2017-02-26 10:39:18.522000', 1, 1),
(43, '2017-02-28 14:30:00.000000', '2017-02-27 18:30:00.000000', '1200.00', '2017-02-26 10:39:50.376000', 1, 1),
(44, '2017-02-28 14:30:00.000000', '2017-02-27 18:30:00.000000', '1200.00', '2017-02-26 10:40:10.637000', 1, 1),
(45, '2017-02-28 14:30:00.000000', '2017-02-27 18:30:00.000000', '1200.00', '2017-02-26 10:40:24.994000', 1, 1),
(46, '2017-02-28 14:30:00.000000', '2017-02-27 18:30:00.000000', '1200.00', '2017-02-26 10:40:32.999000', 1, 1),
(47, '2017-02-28 14:30:00.000000', '2017-02-27 18:30:00.000000', '1200.00', '2017-02-26 10:40:51.672000', 1, 1),
(48, '2017-02-28 14:30:00.000000', '2017-02-27 18:30:00.000000', '1200.00', '2017-02-26 10:42:13.858000', 1, 1),
(49, '2017-02-28 14:30:00.000000', '2017-02-27 18:30:00.000000', '1200.00', '2017-02-26 10:43:10.812000', 1, 1),
(50, '2017-02-28 14:30:00.000000', '2017-02-27 18:30:00.000000', '1200.00', '2017-02-26 10:47:20.596000', 1, 1),
(51, '2017-02-28 14:30:00.000000', '2017-02-27 18:30:00.000000', '1200.00', '2017-02-26 10:47:51.691000', 1, 1),
(52, '2017-02-28 14:30:00.000000', '2017-02-27 18:30:00.000000', '1200.00', '2017-02-26 10:48:12.049000', 1, 1),
(53, '2017-02-28 14:30:00.000000', '2017-02-27 18:30:00.000000', '1200.00', '2017-02-26 10:48:14.149000', 1, 1),
(54, '2017-02-28 14:30:00.000000', '2017-02-27 18:30:00.000000', '1200.00', '2017-02-26 10:48:17.203000', 1, 1),
(55, '2017-02-17 14:30:00.000000', '2017-02-16 18:30:00.000000', '4000.00', '2017-02-27 16:36:47.163000', 1, 1),
(56, '2017-02-17 14:30:00.000000', '2017-02-16 18:30:00.000000', '4000.00', '2017-02-27 16:36:48.074000', 1, 1),
(57, '2017-02-17 14:30:00.000000', '2017-02-16 18:30:00.000000', '4000.00', '2017-02-27 16:36:48.371000', 1, 1),
(58, '2017-02-27 14:30:00.000000', '2017-02-26 18:30:00.000000', '1200.00', '2017-02-28 17:18:59.924000', 1, 1),
(59, '2017-02-27 14:30:00.000000', '2017-02-26 18:30:00.000000', '1200.00', '2017-02-28 17:19:34.349000', 1, 1),
(60, '2017-02-27 14:30:00.000000', '2017-02-26 18:30:00.000000', '1200.00', '2017-02-28 17:19:39.822000', 1, 1),
(61, '2017-02-27 14:30:00.000000', '2017-02-26 18:30:00.000000', '1200.00', '2017-02-28 17:19:49.180000', 1, 1),
(62, '2017-02-27 14:30:00.000000', '2017-02-26 18:30:00.000000', '1200.00', '2017-02-28 17:20:16.258000', 1, 1),
(63, '2017-02-27 14:30:00.000000', '2017-02-26 18:30:00.000000', '1200.00', '2017-02-28 17:20:16.772000', 1, 1),
(64, '2017-02-27 14:30:00.000000', '2017-02-26 18:30:00.000000', '1200.00', '2017-02-28 17:20:17.246000', 1, 1),
(65, '2017-02-27 14:30:00.000000', '2017-02-26 18:30:00.000000', '1200.00', '2017-02-28 17:22:15.796000', 1, 1),
(66, '2017-02-27 14:30:00.000000', '2017-02-26 18:30:00.000000', '1200.00', '2017-02-28 17:22:42.558000', 1, 1),
(67, '2017-02-27 14:30:00.000000', '2017-02-26 18:30:00.000000', '1200.00', '2017-02-28 17:22:49.796000', 1, 1),
(68, '2017-02-27 14:30:00.000000', '2017-02-26 18:30:00.000000', '1200.00', '2017-02-28 17:22:50.140000', 1, 1),
(69, '2017-02-27 14:30:00.000000', '2017-02-26 18:30:00.000000', '1200.00', '2017-02-28 17:22:50.264000', 1, 1),
(70, '2017-03-27 14:30:00.000000', '2017-03-26 18:30:00.000000', '1000.00', '2017-03-04 17:16:11.501000', 1, 1),
(71, '2017-03-27 14:30:00.000000', '2017-03-26 18:30:00.000000', '1000.00', '2017-03-04 17:16:14.924000', 1, 1),
(72, '2017-03-27 14:30:00.000000', '2017-03-26 18:30:00.000000', '1000.00', '2017-03-04 17:16:15.398000', 1, 1),
(73, '2017-03-28 14:30:00.000000', '2017-03-27 18:30:00.000000', '1000.00', '2017-03-04 17:29:22.789000', 1, 1),
(74, '2017-03-28 14:30:00.000000', '2017-03-27 18:30:00.000000', '1000.00', '2017-03-04 17:29:49.839000', 1, 1),
(75, '2017-03-28 14:30:00.000000', '2017-03-27 18:30:00.000000', '1000.00', '2017-03-04 17:29:50.515000', 1, 1),
(76, '2017-03-28 14:30:00.000000', '2017-03-27 18:30:00.000000', '1000.00', '2017-03-04 17:29:50.884000', 1, 1),
(77, '2017-03-28 14:30:00.000000', '2017-03-27 18:30:00.000000', '1000.00', '2017-03-04 17:31:51.295000', 1, 1),
(78, '2017-03-28 14:30:00.000000', '2017-03-27 18:30:00.000000', '1000.00', '2017-03-04 17:31:51.892000', 1, 1),
(79, '2017-03-28 14:30:00.000000', '2017-03-27 18:30:00.000000', '1000.00', '2017-03-04 17:31:52.395000', 1, 1),
(80, '2017-03-28 14:30:00.000000', '2017-03-27 18:30:00.000000', '1000.00', '2017-03-04 17:34:50.554000', 1, 1),
(81, '2017-03-28 14:30:00.000000', '2017-03-27 18:30:00.000000', '1000.00', '2017-03-04 17:34:51.049000', 1, 1),
(82, '2017-03-28 14:30:00.000000', '2017-03-27 18:30:00.000000', '1000.00', '2017-03-04 17:34:51.365000', 1, 1),
(83, '2017-03-28 14:30:00.000000', '2017-03-27 18:30:00.000000', '1000.00', '2017-03-04 17:35:19.465000', 1, 1),
(84, '2017-03-28 14:30:00.000000', '2017-03-27 18:30:00.000000', '1000.00', '2017-03-04 17:35:19.864000', 1, 1),
(85, '2017-03-28 14:30:00.000000', '2017-03-27 18:30:00.000000', '1000.00', '2017-03-04 17:35:20.269000', 1, 1),
(86, '2017-03-28 14:30:00.000000', '2017-03-27 18:30:00.000000', '1000.00', '2017-03-04 17:35:40.646000', 1, 1),
(87, '2017-03-28 14:30:00.000000', '2017-03-27 18:30:00.000000', '1000.00', '2017-03-04 17:35:41.202000', 1, 1),
(88, '2017-03-28 14:30:00.000000', '2017-03-27 18:30:00.000000', '1000.00', '2017-03-04 17:35:41.626000', 1, 1),
(89, '2017-03-28 14:30:00.000000', '2017-03-27 18:30:00.000000', '1000.00', '2017-03-04 17:44:33.895000', 1, 1),
(90, '2017-03-28 14:30:00.000000', '2017-03-27 18:30:00.000000', '1000.00', '2017-03-04 17:44:34.467000', 1, 1),
(91, '2017-03-28 14:30:00.000000', '2017-03-27 18:30:00.000000', '1000.00', '2017-03-04 17:44:34.759000', 1, 1),
(92, '2017-03-28 14:30:00.000000', '2017-03-27 18:30:00.000000', '1000.00', '2017-03-04 17:48:19.300000', 1, 1),
(93, '2017-03-28 14:30:00.000000', '2017-03-27 18:30:00.000000', '1000.00', '2017-03-04 17:48:41.745000', 1, 1),
(94, '2017-03-28 14:30:00.000000', '2017-03-27 18:30:00.000000', '1000.00', '2017-03-04 17:56:48.526000', 1, 1),
(95, '2017-03-28 14:30:00.000000', '2017-03-27 18:30:00.000000', '1000.00', '2017-03-04 17:57:33.730000', 1, 1),
(96, '2017-03-28 14:30:00.000000', '2017-03-27 18:30:00.000000', '1000.00', '2017-03-04 17:57:58.308000', 1, 1),
(97, '2017-03-28 14:30:00.000000', '2017-03-27 18:30:00.000000', '1000.00', '2017-03-04 17:58:11.881000', 1, 1),
(98, '2017-03-28 14:30:00.000000', '2017-03-27 18:30:00.000000', '1000.00', '2017-03-04 18:01:11.297000', 1, 1),
(99, '2017-03-28 14:30:00.000000', '2017-03-27 18:30:00.000000', '1000.00', '2017-03-04 18:01:22.642000', 1, 1),
(100, '2017-03-28 14:30:00.000000', '2017-03-27 18:30:00.000000', '1000.00', '2017-03-04 18:01:23.130000', 1, 1),
(101, '2017-03-28 14:30:00.000000', '2017-03-27 18:30:00.000000', '1000.00', '2017-03-04 18:01:23.374000', 1, 1),
(102, '2017-03-28 14:30:00.000000', '2017-03-27 18:30:00.000000', '1000.00', '2017-03-04 18:02:40.220000', 1, 1),
(103, '2017-03-28 14:30:00.000000', '2017-03-27 18:30:00.000000', '1000.00', '2017-03-04 18:02:40.654000', 1, 1),
(104, '2017-03-28 14:30:00.000000', '2017-03-27 18:30:00.000000', '1000.00', '2017-03-04 18:02:40.940000', 1, 1),
(105, '2017-03-28 14:30:00.000000', '2017-03-27 18:30:00.000000', '1000.00', '2017-03-04 18:03:35.800000', 1, 1),
(106, '2017-03-28 14:30:00.000000', '2017-03-27 18:30:00.000000', '1000.00', '2017-03-04 18:03:42.538000', 1, 1),
(107, '2017-03-28 14:30:00.000000', '2017-03-27 18:30:00.000000', '1000.00', '2017-03-04 18:03:55.610000', 1, 1),
(108, '2017-03-28 14:30:00.000000', '2017-03-27 18:30:00.000000', '1000.00', '2017-03-04 18:04:07.742000', 1, 1),
(109, '2017-03-28 14:30:00.000000', '2017-03-27 18:30:00.000000', '1000.00', '2017-03-04 18:04:22.518000', 1, 1),
(110, '2017-03-28 14:30:00.000000', '2017-03-27 18:30:00.000000', '1000.00', '2017-03-04 18:07:11.801000', 1, 1),
(111, '2017-03-28 14:30:00.000000', '2017-03-27 18:30:00.000000', '1000.00', '2017-03-04 18:08:53.981000', 1, 1),
(112, '2017-03-28 14:30:00.000000', '2017-03-27 18:30:00.000000', '1000.00', '2017-03-04 18:09:17.096000', 1, 1),
(113, '2017-03-28 14:30:00.000000', '2017-03-27 18:30:00.000000', '1000.00', '2017-03-04 18:09:51.031000', 1, 1),
(114, '2017-03-28 14:30:00.000000', '2017-03-27 18:30:00.000000', '1000.00', '2017-03-04 18:10:09.811000', 1, 1),
(115, '2017-03-28 14:30:00.000000', '2017-03-27 18:30:00.000000', '1000.00', '2017-03-04 18:10:14.304000', 1, 1),
(116, '2017-03-28 14:30:00.000000', '2017-03-27 18:30:00.000000', '1000.00', '2017-03-04 18:10:14.643000', 1, 1),
(117, '2017-03-28 14:30:00.000000', '2017-03-27 18:30:00.000000', '1000.00', '2017-03-04 18:10:14.843000', 1, 1),
(118, '2017-03-28 14:30:00.000000', '2017-03-27 18:30:00.000000', '6400.00', '2017-03-04 18:10:46.421000', 1, 1),
(119, '2017-03-28 14:30:00.000000', '2017-03-27 18:30:00.000000', '6400.00', '2017-03-04 18:10:46.893000', 1, 1),
(120, '2017-03-28 14:30:00.000000', '2017-03-27 18:30:00.000000', '6400.00', '2017-03-04 18:10:47.237000', 1, 1),
(121, '2017-03-21 14:30:00.000000', '2017-03-20 18:30:00.000000', '1500.00', '2017-03-04 18:15:25.661000', 1, 1),
(122, '2017-03-21 14:30:00.000000', '2017-03-20 18:30:00.000000', '1500.00', '2017-03-04 18:15:26.154000', 1, 1),
(123, '2017-03-21 14:30:00.000000', '2017-03-20 18:30:00.000000', '1500.00', '2017-03-04 18:15:26.434000', 1, 1),
(124, '2017-03-21 14:30:00.000000', '2017-03-20 18:30:00.000000', '1500.00', '2017-03-04 18:16:28.433000', 1, 1),
(125, '2017-03-21 14:30:00.000000', '2017-03-20 18:30:00.000000', '1500.00', '2017-03-04 18:16:44.806000', 1, 1),
(126, '2017-03-21 14:30:00.000000', '2017-03-20 18:30:00.000000', '1500.00', '2017-03-04 18:16:47.204000', 1, 1),
(127, '2017-03-21 14:30:00.000000', '2017-03-20 18:30:00.000000', '1500.00', '2017-03-04 18:16:55.933000', 1, 1),
(128, '2017-03-21 14:30:00.000000', '2017-03-20 18:30:00.000000', '1500.00', '2017-03-04 18:17:11.980000', 1, 1),
(129, '2017-03-21 14:30:00.000000', '2017-03-20 18:30:00.000000', '1500.00', '2017-03-04 18:17:29.698000', 1, 1),
(130, '2017-03-21 14:30:00.000000', '2017-03-20 18:30:00.000000', '1500.00', '2017-03-04 18:17:53.284000', 1, 1),
(131, '2017-03-21 14:30:00.000000', '2017-03-20 18:30:00.000000', '1500.00', '2017-03-04 18:17:53.908000', 1, 1),
(132, '2017-03-21 14:30:00.000000', '2017-03-20 18:30:00.000000', '1500.00', '2017-03-04 18:17:54.141000', 1, 1),
(133, '2017-03-21 14:30:00.000000', '2017-03-20 18:30:00.000000', '1500.00', '2017-03-04 18:18:30.381000', 1, 1),
(134, '2017-03-21 14:30:00.000000', '2017-03-20 18:30:00.000000', '1500.00', '2017-03-04 18:18:31.278000', 1, 1),
(135, '2017-03-21 14:30:00.000000', '2017-03-20 18:30:00.000000', '1500.00', '2017-03-04 18:18:31.544000', 1, 1),
(136, '2017-03-21 14:30:00.000000', '2017-03-20 18:30:00.000000', '1500.00', '2017-03-04 18:18:59.063000', 1, 1),
(137, '2017-03-21 14:30:00.000000', '2017-03-20 18:30:00.000000', '1500.00', '2017-03-04 18:19:11.284000', 1, 1),
(138, '2017-03-21 14:30:00.000000', '2017-03-20 18:30:00.000000', '1500.00', '2017-03-04 18:19:29.113000', 1, 1),
(139, '2017-03-21 14:30:00.000000', '2017-03-20 18:30:00.000000', '1500.00', '2017-03-04 18:19:35.986000', 1, 1),
(140, '2017-03-21 14:30:00.000000', '2017-03-20 18:30:00.000000', '1500.00', '2017-03-04 18:19:39.465000', 1, 1),
(141, '2017-03-21 14:30:00.000000', '2017-03-20 18:30:00.000000', '1500.00', '2017-03-04 18:19:39.734000', 1, 1),
(142, '2017-03-21 14:30:00.000000', '2017-03-20 18:30:00.000000', '3000.00', '2017-03-06 10:16:24.627000', 1, 6),
(143, '2017-03-21 14:30:00.000000', '2017-03-20 18:30:00.000000', '3000.00', '2017-03-06 10:16:31.095000', 1, 6),
(144, '2017-03-21 14:30:00.000000', '2017-03-20 18:30:00.000000', '3000.00', '2017-03-06 10:16:31.706000', 1, 6),
(145, '2017-03-21 14:30:00.000000', '2017-03-20 18:30:00.000000', '3000.00', '2017-03-06 10:16:31.954000', 1, 6),
(146, '2017-03-21 14:30:00.000000', '2017-03-20 18:30:00.000000', '3000.00', '2017-03-06 10:16:32.161000', 1, 6),
(147, '2017-03-21 14:30:00.000000', '2017-03-20 18:30:00.000000', '3000.00', '2017-03-06 10:16:32.413000', 1, 6),
(148, '2017-03-21 14:30:00.000000', '2017-03-20 18:30:00.000000', '3000.00', '2017-03-06 10:16:32.697000', 1, 6),
(149, '2017-03-21 14:30:00.000000', '2017-03-20 18:30:00.000000', '3000.00', '2017-03-06 10:16:33.210000', 1, 6),
(150, '2017-03-21 14:30:00.000000', '2017-03-20 18:30:00.000000', '3000.00', '2017-03-06 10:16:33.448000', 1, 6),
(151, '2017-03-21 14:30:00.000000', '2017-03-20 18:30:00.000000', '3000.00', '2017-03-06 10:16:33.692000', 1, 6),
(152, '2017-03-21 14:30:00.000000', '2017-03-20 18:30:00.000000', '3000.00', '2017-03-06 10:16:33.966000', 1, 6),
(153, '2017-03-21 14:30:00.000000', '2017-03-20 18:30:00.000000', '3000.00', '2017-03-06 10:17:39.027000', 1, 6),
(154, '2017-03-21 14:30:00.000000', '2017-03-20 18:30:00.000000', '3000.00', '2017-03-06 10:18:35.706000', 1, 1),
(155, '2017-03-21 14:30:00.000000', '2017-03-20 18:30:00.000000', '3000.00', '2017-03-06 10:20:29.496000', 1, 1),
(156, '2017-03-21 14:30:00.000000', '2017-03-20 18:30:00.000000', '3000.00', '2017-03-06 10:28:40.256000', 1, 1),
(157, '2017-03-21 14:30:00.000000', '2017-03-20 18:30:00.000000', '3000.00', '2017-03-06 10:28:57.527000', 1, 1),
(158, '2017-03-21 14:30:00.000000', '2017-03-20 18:30:00.000000', '3000.00', '2017-03-06 10:29:01.430000', 1, 1),
(159, '2017-03-21 14:30:00.000000', '2017-03-20 18:30:00.000000', '3000.00', '2017-03-06 10:29:33.130000', 1, 1),
(160, '2017-03-21 14:30:00.000000', '2017-03-20 18:30:00.000000', '3000.00', '2017-03-06 10:29:35.233000', 1, 1),
(161, '2017-03-21 14:30:00.000000', '2017-03-20 18:30:00.000000', '3000.00', '2017-03-06 10:29:35.890000', 1, 1),
(162, '2017-03-13 14:30:00.000000', '2017-03-12 18:30:00.000000', '800.00', '2017-03-06 18:44:07.430000', 1, 10),
(163, '2017-03-13 14:30:00.000000', '2017-03-12 18:30:00.000000', '800.00', '2017-03-06 18:44:16.243000', 1, 10),
(164, '2017-03-13 14:30:00.000000', '2017-03-12 18:30:00.000000', '800.00', '2017-03-06 18:44:16.437000', 1, 10),
(165, '2017-03-13 14:30:00.000000', '2017-03-12 18:30:00.000000', '800.00', '2017-03-06 18:44:16.655000', 1, 10),
(166, '2017-03-13 14:30:00.000000', '2017-03-12 18:30:00.000000', '800.00', '2017-03-06 18:44:16.765000', 1, 10),
(167, '2017-03-13 14:30:00.000000', '2017-03-12 18:30:00.000000', '800.00', '2017-03-06 18:44:16.905000', 1, 10),
(168, '2017-03-13 14:30:00.000000', '2017-03-12 18:30:00.000000', '800.00', '2017-03-06 18:44:17.062000', 1, 10),
(169, '2017-03-13 14:30:00.000000', '2017-03-12 18:30:00.000000', '800.00', '2017-03-06 18:44:17.202000', 1, 10),
(170, '2017-03-13 14:30:00.000000', '2017-03-12 18:30:00.000000', '800.00', '2017-03-06 18:44:39.666000', 1, 10),
(171, '2017-03-13 14:30:00.000000', '2017-03-12 18:30:00.000000', '800.00', '2017-03-06 18:47:08.576000', 1, 10),
(172, '2017-03-26 14:30:00.000000', '2017-03-25 18:30:00.000000', '1500.00', '2017-03-06 18:51:46.094000', 1, 6),
(173, '2017-03-26 14:30:00.000000', '2017-03-25 18:30:00.000000', '1500.00', '2017-03-06 18:51:46.783000', 1, 6),
(174, '2017-03-26 14:30:00.000000', '2017-03-25 18:30:00.000000', '1500.00', '2017-03-06 18:51:47.194000', 1, 6),
(175, '2017-03-22 14:30:00.000000', '2017-03-21 18:30:00.000000', '1000.00', '2017-03-06 19:01:15.698000', 1, 1),
(176, '2017-03-22 14:30:00.000000', '2017-03-21 18:30:00.000000', '1000.00', '2017-03-06 19:01:21.710000', 1, 1),
(177, '2017-03-22 14:30:00.000000', '2017-03-21 18:30:00.000000', '1000.00', '2017-03-06 19:01:22.278000', 1, 1),
(178, '2017-03-22 14:30:00.000000', '2017-03-21 18:30:00.000000', '1000.00', '2017-03-06 19:01:26.418000', 1, 1),
(179, '2017-03-22 14:30:00.000000', '2017-03-21 18:30:00.000000', '1000.00', '2017-03-06 19:01:26.863000', 1, 1),
(180, '2017-03-22 14:30:00.000000', '2017-03-21 18:30:00.000000', '1000.00', '2017-03-06 19:01:27.369000', 1, 1),
(181, '2017-03-22 14:30:00.000000', '2017-03-21 18:30:00.000000', '1000.00', '2017-03-06 19:01:28.058000', 1, 1),
(182, '2017-03-22 14:30:00.000000', '2017-03-21 18:30:00.000000', '1000.00', '2017-03-06 19:01:28.560000', 1, 1),
(183, '2017-03-22 14:30:00.000000', '2017-03-21 18:30:00.000000', '1000.00', '2017-03-06 19:01:28.853000', 1, 1),
(184, '2017-03-22 14:30:00.000000', '2017-03-21 18:30:00.000000', '1000.00', '2017-03-06 19:01:29.210000', 1, 1),
(185, '2017-03-22 14:30:00.000000', '2017-03-21 18:30:00.000000', '1000.00', '2017-03-06 19:01:29.835000', 1, 1),
(186, '2017-03-22 14:30:00.000000', '2017-03-21 18:30:00.000000', '1000.00', '2017-03-06 19:01:30.225000', 1, 1),
(187, '2017-03-22 14:30:00.000000', '2017-03-21 18:30:00.000000', '1000.00', '2017-03-06 19:01:30.668000', 1, 1),
(188, '2017-03-22 14:30:00.000000', '2017-03-21 18:30:00.000000', '1000.00', '2017-03-06 19:01:31.008000', 1, 1),
(189, '2017-03-22 14:30:00.000000', '2017-03-21 18:30:00.000000', '1000.00', '2017-03-06 19:01:31.571000', 1, 1),
(190, '2017-03-22 14:30:00.000000', '2017-03-21 18:30:00.000000', '1000.00', '2017-03-06 19:01:32.052000', 1, 1),
(191, '2017-03-22 14:30:00.000000', '2017-03-21 18:30:00.000000', '1000.00', '2017-03-06 19:01:32.360000', 1, 1),
(192, '2017-03-22 14:30:00.000000', '2017-03-21 18:30:00.000000', '1000.00', '2017-03-06 19:01:33.340000', 1, 1),
(193, '2017-03-22 14:30:00.000000', '2017-03-21 18:30:00.000000', '1000.00', '2017-03-06 19:01:34.571000', 1, 1),
(194, '2017-03-22 14:30:00.000000', '2017-03-21 18:30:00.000000', '1000.00', '2017-03-06 19:01:35.681000', 1, 1),
(195, '2017-03-22 14:30:00.000000', '2017-03-21 18:30:00.000000', '1000.00', '2017-03-06 19:01:36.710000', 1, 1),
(196, '2017-03-22 14:30:00.000000', '2017-03-21 18:30:00.000000', '1000.00', '2017-03-06 19:01:37.892000', 1, 1),
(197, '2017-03-22 14:30:00.000000', '2017-03-21 18:30:00.000000', '1000.00', '2017-03-06 19:01:44.676000', 1, 1),
(198, '2017-03-22 14:30:00.000000', '2017-03-21 18:30:00.000000', '1000.00', '2017-03-06 19:01:45.036000', 1, 1),
(199, '2017-03-22 14:30:00.000000', '2017-03-21 18:30:00.000000', '1000.00', '2017-03-06 19:01:45.409000', 1, 1),
(200, '2017-03-22 14:30:00.000000', '2017-03-21 18:30:00.000000', '1000.00', '2017-03-06 19:01:45.703000', 1, 1),
(201, '2017-03-22 14:30:00.000000', '2017-03-21 18:30:00.000000', '1000.00', '2017-03-06 19:01:46.055000', 1, 1),
(202, '2017-03-22 14:30:00.000000', '2017-03-21 18:30:00.000000', '1000.00', '2017-03-06 19:01:46.372000', 1, 1),
(203, '2017-03-20 14:30:00.000000', '2017-03-19 18:30:00.000000', '1500.00', '2017-03-06 19:02:48.417000', 1, 6),
(204, '2017-03-20 14:30:00.000000', '2017-03-19 18:30:00.000000', '1500.00', '2017-03-06 19:02:49.125000', 1, 6),
(205, '2017-03-20 14:30:00.000000', '2017-03-19 18:30:00.000000', '1500.00', '2017-03-06 19:02:49.516000', 1, 6),
(206, '2017-03-22 14:30:00.000000', '2017-03-21 18:30:00.000000', '1000.00', '2017-03-06 19:03:22.932000', 1, 1),
(207, '2017-03-20 14:30:00.000000', '2017-03-19 18:30:00.000000', '4000.00', '2017-03-06 19:03:44.826000', 1, 1),
(208, '2017-03-20 14:30:00.000000', '2017-03-19 18:30:00.000000', '4000.00', '2017-03-06 19:03:48.444000', 1, 1),
(209, '2017-03-20 14:30:00.000000', '2017-03-19 18:30:00.000000', '1500.00', '2017-03-06 19:04:21.356000', 1, 6),
(210, '2017-03-20 14:30:00.000000', '2017-03-19 18:30:00.000000', '1500.00', '2017-03-06 19:04:21.740000', 1, 6),
(211, '2017-03-20 14:30:00.000000', '2017-03-19 18:30:00.000000', '1500.00', '2017-03-06 19:04:22.021000', 1, 6),
(212, '2017-03-20 14:30:00.000000', '2017-03-19 18:30:00.000000', '1500.00', '2017-03-06 19:06:41.627000', 1, 6),
(213, '2017-03-20 14:30:00.000000', '2017-03-19 18:30:00.000000', '1500.00', '2017-03-06 19:06:42.483000', 1, 6),
(214, '2017-03-20 14:30:00.000000', '2017-03-19 18:30:00.000000', '1500.00', '2017-03-06 19:06:42.823000', 1, 6);

-- --------------------------------------------------------

--
-- Table structure for table `bookings_ordervenue`
--

CREATE TABLE IF NOT EXISTS `bookings_ordervenue` (
`id` int(11) NOT NULL,
  `object_id` int(10) unsigned NOT NULL,
  `booking_id_id` int(11) NOT NULL,
  `venue_type_id` int(11) NOT NULL
) ENGINE=InnoDB AUTO_INCREMENT=199 DEFAULT CHARSET=latin1;

--
-- Dumping data for table `bookings_ordervenue`
--

INSERT INTO `bookings_ordervenue` (`id`, `object_id`, `booking_id_id`, `venue_type_id`) VALUES
(1, 1, 1, 13),
(2, 1, 18, 13),
(3, 1, 19, 13),
(4, 1, 20, 13),
(5, 1, 21, 13),
(6, 1, 22, 13),
(7, 1, 23, 13),
(8, 1, 24, 13),
(9, 1, 25, 13),
(10, 1, 26, 13),
(11, 1, 27, 13),
(12, 1, 28, 13),
(13, 1, 29, 13),
(14, 1, 30, 13),
(15, 1, 31, 13),
(16, 1, 32, 13),
(17, 1, 33, 13),
(18, 1, 34, 13),
(19, 1, 35, 13),
(20, 1, 36, 13),
(21, 1, 37, 13),
(22, 1, 38, 13),
(23, 1, 39, 13),
(24, 1, 40, 13),
(25, 1, 41, 13),
(26, 1, 42, 13),
(27, 1, 43, 13),
(28, 1, 44, 13),
(29, 1, 45, 13),
(30, 1, 46, 13),
(31, 1, 47, 13),
(32, 1, 48, 13),
(33, 1, 49, 13),
(34, 1, 50, 13),
(35, 1, 51, 13),
(36, 1, 52, 13),
(37, 1, 53, 13),
(38, 1, 54, 13),
(39, 1, 55, 13),
(40, 1, 56, 13),
(41, 1, 57, 13),
(42, 1, 58, 13),
(43, 1, 59, 13),
(44, 1, 60, 13),
(45, 1, 61, 13),
(46, 1, 62, 13),
(47, 1, 63, 13),
(48, 1, 64, 13),
(49, 1, 65, 13),
(50, 1, 66, 13),
(51, 1, 67, 13),
(52, 1, 68, 13),
(53, 1, 69, 13),
(54, 1, 70, 13),
(55, 1, 71, 13),
(56, 1, 72, 13),
(57, 1, 73, 13),
(58, 1, 74, 13),
(59, 1, 75, 13),
(60, 1, 76, 13),
(61, 1, 77, 13),
(62, 1, 78, 13),
(63, 1, 79, 13),
(64, 1, 80, 13),
(65, 1, 81, 13),
(66, 1, 82, 13),
(67, 1, 83, 13),
(68, 1, 84, 13),
(69, 1, 85, 13),
(70, 1, 86, 13),
(71, 1, 87, 13),
(72, 1, 88, 13),
(73, 1, 89, 13),
(74, 1, 90, 13),
(75, 1, 91, 13),
(76, 1, 92, 13),
(77, 1, 93, 13),
(78, 1, 94, 13),
(79, 1, 95, 13),
(80, 1, 96, 13),
(81, 1, 97, 13),
(82, 1, 98, 13),
(83, 1, 99, 13),
(84, 1, 100, 13),
(85, 1, 101, 13),
(86, 1, 102, 13),
(87, 1, 103, 13),
(88, 1, 104, 13),
(89, 1, 105, 13),
(90, 1, 106, 13),
(91, 1, 107, 13),
(92, 1, 108, 13),
(93, 1, 109, 13),
(94, 1, 110, 13),
(95, 1, 111, 13),
(96, 1, 112, 13),
(97, 1, 113, 13),
(98, 1, 114, 13),
(99, 1, 115, 13),
(100, 1, 116, 13),
(101, 1, 117, 13),
(102, 1, 118, 13),
(103, 1, 119, 13),
(104, 1, 120, 13),
(105, 1, 121, 13),
(106, 1, 122, 13),
(107, 1, 123, 13),
(108, 1, 124, 13),
(109, 1, 125, 13),
(110, 1, 126, 13),
(111, 1, 127, 13),
(112, 1, 128, 13),
(113, 1, 129, 13),
(114, 1, 130, 13),
(115, 1, 131, 13),
(116, 1, 132, 13),
(117, 1, 133, 13),
(118, 1, 134, 13),
(119, 1, 135, 13),
(120, 1, 136, 13),
(121, 1, 137, 13),
(122, 1, 138, 13),
(123, 1, 139, 13),
(124, 1, 140, 13),
(125, 1, 141, 13),
(126, 41, 142, 13),
(127, 41, 143, 13),
(128, 41, 144, 13),
(129, 41, 145, 13),
(130, 41, 146, 13),
(131, 41, 147, 13),
(132, 41, 148, 13),
(133, 41, 149, 13),
(134, 41, 150, 13),
(135, 41, 151, 13),
(136, 41, 152, 13),
(137, 41, 153, 13),
(138, 41, 154, 13),
(139, 41, 155, 13),
(140, 41, 156, 13),
(141, 41, 157, 13),
(142, 41, 158, 13),
(143, 41, 159, 13),
(144, 41, 160, 13),
(145, 41, 161, 13),
(146, 9, 162, 13),
(147, 9, 163, 13),
(148, 9, 164, 13),
(149, 9, 165, 13),
(150, 9, 166, 13),
(151, 9, 167, 13),
(152, 9, 168, 13),
(153, 9, 169, 13),
(154, 9, 170, 13),
(155, 9, 171, 13),
(156, 1, 172, 13),
(157, 1, 173, 13),
(158, 1, 174, 13),
(159, 1, 175, 13),
(160, 1, 176, 13),
(161, 1, 177, 13),
(162, 1, 178, 13),
(163, 1, 179, 13),
(164, 1, 180, 13),
(165, 1, 181, 13),
(166, 1, 182, 13),
(167, 1, 183, 13),
(168, 1, 184, 13),
(169, 1, 185, 13),
(170, 1, 186, 13),
(171, 1, 187, 13),
(172, 1, 188, 13),
(173, 1, 189, 13),
(174, 1, 190, 13),
(175, 1, 191, 13),
(176, 1, 192, 13),
(177, 1, 193, 13),
(178, 1, 194, 13),
(179, 1, 195, 13),
(180, 1, 196, 13),
(181, 1, 197, 13),
(182, 1, 198, 13),
(183, 1, 199, 13),
(184, 1, 200, 13),
(185, 1, 201, 13),
(186, 1, 202, 13),
(187, 1, 203, 13),
(188, 1, 204, 13),
(189, 1, 205, 13),
(190, 1, 206, 13),
(191, 1, 207, 13),
(192, 1, 208, 13),
(193, 1, 209, 13),
(194, 1, 210, 13),
(195, 1, 211, 13),
(196, 1, 212, 13),
(197, 1, 213, 13),
(198, 1, 214, 13);

-- --------------------------------------------------------

--
-- Table structure for table `bookings_payment`
--

CREATE TABLE IF NOT EXISTS `bookings_payment` (
`id` int(11) NOT NULL,
  `invoice_number` varchar(50) NOT NULL,
  `amount` decimal(8,2) NOT NULL,
  `date_time` datetime(6) NOT NULL,
  `booking_id_id` int(11) NOT NULL,
  `payment_method_id` int(11) NOT NULL,
  `user_id` int(11) NOT NULL,
  `tansaction_number` varchar(50) NOT NULL
) ENGINE=InnoDB AUTO_INCREMENT=208 DEFAULT CHARSET=latin1;

--
-- Dumping data for table `bookings_payment`
--

INSERT INTO `bookings_payment` (`id`, `invoice_number`, `amount`, `date_time`, `booking_id_id`, `payment_method_id`, `user_id`, `tansaction_number`) VALUES
(1, '0000001', '2000.00', '2017-02-26 07:52:59.287000', 1, 1, 1, '1234567890'),
(2, '00000002', '800.00', '2017-02-26 08:00:03.402000', 9, 1, 1, '5bQMAKKbfK'),
(3, '00000003', '800.00', '2017-02-26 08:00:23.595000', 10, 3, 1, 'iyIBlmoAFC'),
(4, '00000004', '1200.00', '2017-02-26 09:42:25.827000', 11, 1, 1, 'gfpDoeSCzt'),
(5, '00000005', '1200.00', '2017-02-26 09:42:28.242000', 12, 1, 1, 'BGztR4CMRr'),
(6, '00000006', '1200.00', '2017-02-26 09:43:07.789000', 13, 1, 1, 'N9OIaWXJmQ'),
(7, '00000007', '1200.00', '2017-02-26 09:43:12.616000', 14, 1, 1, 'lu0OdWc8j1'),
(8, '00000008', '1200.00', '2017-02-26 09:43:14.191000', 15, 1, 1, 'CpuVUFpyR8'),
(9, '00000009', '1200.00', '2017-02-26 09:46:04.770000', 16, 1, 1, 'Y4RZyHZ2kD'),
(10, '00000010', '1200.00', '2017-02-26 09:46:30.498000', 17, 1, 1, '7R4oFVAcrZ'),
(11, '00000011', '1200.00', '2017-02-26 09:46:47.641000', 18, 1, 1, 'jVTQgzkjaY'),
(12, '00000012', '1200.00', '2017-02-26 09:56:53.640000', 19, 3, 1, 'oopuXhjx7x'),
(13, '00000013', '1200.00', '2017-02-26 09:59:27.560000', 20, 3, 1, 'L2I2Lug4ci'),
(14, '00000014', '1200.00', '2017-02-26 10:05:50.219000', 21, 1, 1, 'ArHzkxcah5'),
(15, '00000015', '1200.00', '2017-02-26 10:07:38.949000', 22, 3, 1, 'cd0pJ2jH5X'),
(16, '00000016', '1200.00', '2017-02-26 10:08:20.772000', 23, 3, 1, 'yLgS2Hi9Fh'),
(17, '00000017', '1200.00', '2017-02-26 10:09:56.205000', 24, 2, 1, 'WzGDo0IKb0'),
(18, '00000018', '1200.00', '2017-02-26 10:11:48.758000', 25, 2, 1, 'WNALAL0juh'),
(19, '00000019', '1200.00', '2017-02-26 10:28:24.701000', 26, 2, 1, 'yf3cS4fdhK'),
(20, '00000020', '1200.00', '2017-02-26 10:28:36.499000', 27, 2, 1, 'txInmxFPH6'),
(21, '00000021', '1200.00', '2017-02-26 10:29:26.764000', 28, 2, 1, 'euvHyRnMZZ'),
(22, '00000022', '1200.00', '2017-02-26 10:29:49.048000', 29, 2, 1, 'kHJ7lvaMoh'),
(23, '00000023', '1200.00', '2017-02-26 10:30:07.804000', 30, 2, 1, 'mi5CzeNr5J'),
(24, '00000024', '1200.00', '2017-02-26 10:30:37.882000', 31, 3, 1, 'i7mXndFTdG'),
(25, '00000025', '1200.00', '2017-02-26 10:30:52.625000', 32, 3, 1, 'aTEO8Uccpi'),
(26, '00000026', '1200.00', '2017-02-26 10:30:56.317000', 33, 3, 1, 'fKJoyqcvRM'),
(27, '00000027', '1200.00', '2017-02-26 10:31:13.463000', 34, 3, 1, 'g6lOReAZr1'),
(28, '00000028', '1200.00', '2017-02-26 10:33:01.545000', 35, 3, 1, '3JWenW77Lx'),
(29, '00000029', '1200.00', '2017-02-26 10:35:01.299000', 36, 3, 1, 'x3T0P3job6'),
(30, '00000030', '1200.00', '2017-02-26 10:36:03.381000', 37, 3, 1, 'CViBzNOwfx'),
(31, '00000031', '1200.00', '2017-02-26 10:36:59.098000', 38, 3, 1, 'wpCe7pmKcB'),
(32, '00000032', '1200.00', '2017-02-26 10:37:17.163000', 39, 3, 1, 'iT8FJqI1XY'),
(33, '00000033', '1200.00', '2017-02-26 10:38:00.216000', 40, 3, 1, '0F2tZ3ngwl'),
(34, '00000034', '1200.00', '2017-02-26 10:38:39.719000', 41, 3, 1, 'GZDx3lradg'),
(35, '00000035', '1200.00', '2017-02-26 10:39:18.622000', 42, 3, 1, 'sM6AruPZl1'),
(36, '00000036', '1200.00', '2017-02-26 10:39:50.476000', 43, 3, 1, 'eobCiRoFYT'),
(37, '00000037', '1200.00', '2017-02-26 10:40:10.706000', 44, 3, 1, 'kCykS7N7Lw'),
(38, '00000038', '1200.00', '2017-02-26 10:40:25.066000', 45, 3, 1, '7rw8VIeEG6'),
(39, '00000039', '1200.00', '2017-02-26 10:40:33.143000', 46, 1, 1, 'THXlklyqWo'),
(40, '00000040', '1200.00', '2017-02-26 10:40:51.806000', 47, 2, 1, 'X2EQ2TxDgm'),
(41, '00000041', '1200.00', '2017-02-26 10:42:13.974000', 48, 2, 1, 'HVoVVWUTjt'),
(42, '00000042', '1200.00', '2017-02-26 10:43:10.880000', 49, 2, 1, 'jzRYWH6csF'),
(43, '00000043', '1200.00', '2017-02-26 10:47:20.681000', 50, 2, 1, 'JY0C3nb825'),
(44, '00000044', '1200.00', '2017-02-26 10:47:51.772000', 51, 2, 1, 'AP3HPEQ6jk'),
(45, '00000045', '1200.00', '2017-02-26 10:48:12.130000', 52, 2, 1, 'XtL9nYvue7'),
(46, '00000046', '1200.00', '2017-02-26 10:48:14.257000', 53, 2, 1, '3n0PCVcdxZ'),
(47, '00000047', '1200.00', '2017-02-26 10:48:17.291000', 54, 2, 1, '8XkCkz0GS5'),
(48, '00000048', '4000.00', '2017-02-27 16:36:47.398000', 55, 2, 1, 'mfpN1kYXBo'),
(49, '00000049', '4000.00', '2017-02-27 16:36:48.152000', 56, 2, 1, 'IKiAtEGzyB'),
(50, '00000050', '4000.00', '2017-02-27 16:36:48.418000', 57, 2, 1, 'q8XsfKTzzH'),
(51, '00000051', '1200.00', '2017-02-28 17:19:00.059000', 58, 3, 1, 'xAY0Ht6XlA'),
(52, '00000052', '1200.00', '2017-02-28 17:19:34.525000', 59, 3, 1, 'YD4XYClaW7'),
(53, '00000053', '1200.00', '2017-02-28 17:19:39.905000', 60, 3, 1, 'K20FXdYCg1'),
(54, '00000054', '1200.00', '2017-02-28 17:19:49.243000', 61, 3, 1, 'g54nQRmddx'),
(55, '00000055', '1200.00', '2017-02-28 17:20:16.369000', 62, 1, 1, 'bfUzBx6SFc'),
(56, '00000056', '1200.00', '2017-02-28 17:20:16.812000', 63, 1, 1, 'U72lodObIP'),
(57, '00000057', '1200.00', '2017-02-28 17:20:17.424000', 64, 1, 1, 'whDhI8ghFo'),
(58, '00000058', '1200.00', '2017-02-28 17:22:15.895000', 65, 1, 1, 'dLLYRPBfQa'),
(59, '00000059', '1200.00', '2017-02-28 17:22:42.645000', 66, 1, 1, 'nAUwE5F63U'),
(60, '00000060', '1200.00', '2017-02-28 17:22:49.883000', 67, 2, 1, 'S82Y9WqA0o'),
(61, '00000061', '1200.00', '2017-02-28 17:22:50.172000', 68, 2, 1, '1dOmpVpPAx'),
(62, '00000062', '1200.00', '2017-02-28 17:22:50.318000', 69, 2, 1, 'vQyrwpRT7n'),
(63, '00000063', '1000.00', '2017-03-04 17:16:11.800000', 70, 1, 1, 'o2WkAhJLk3'),
(64, '00000064', '1000.00', '2017-03-04 17:16:15.049000', 71, 1, 1, 'ssZVaICRun'),
(65, '00000065', '1000.00', '2017-03-04 17:16:15.475000', 72, 1, 1, 'zwcZ6QSXIk'),
(66, '00000066', '1000.00', '2017-03-04 17:29:22.840000', 73, 1, 1, '0JmseQAezP'),
(67, '00000067', '1000.00', '2017-03-04 17:29:49.911000', 74, 1, 1, 'QAxWBV7wiA'),
(68, '00000068', '1000.00', '2017-03-04 17:29:50.570000', 75, 1, 1, 'PhfpK5jFQl'),
(69, '00000069', '1000.00', '2017-03-04 17:29:50.920000', 76, 1, 1, 'mzlUmH55Cd'),
(70, '00000070', '1000.00', '2017-03-04 17:31:51.393000', 77, 1, 1, 'RzHPsUvOr2'),
(71, '00000071', '1000.00', '2017-03-04 17:31:51.941000', 78, 1, 1, 'O5WAyzZBwf'),
(72, '00000072', '1000.00', '2017-03-04 17:31:52.414000', 79, 1, 1, 'jaeMyZszMP'),
(73, '00000073', '1000.00', '2017-03-04 17:34:50.631000', 80, 1, 1, 'tmI5XzrpMg'),
(74, '00000074', '1000.00', '2017-03-04 17:34:51.074000', 81, 1, 1, 'k6IvFgGmU7'),
(75, '00000075', '1000.00', '2017-03-04 17:34:51.394000', 82, 1, 1, 'bVagSoijKx'),
(76, '00000076', '1000.00', '2017-03-04 17:35:19.514000', 83, 1, 1, 'ilFxIhP4H5'),
(77, '00000077', '1000.00', '2017-03-04 17:35:19.927000', 84, 1, 1, 'XOZB1YMn03'),
(78, '00000078', '1000.00', '2017-03-04 17:35:20.301000', 85, 1, 1, 'QUC3q35UeH'),
(79, '00000079', '1000.00', '2017-03-04 17:35:40.795000', 86, 1, 1, 'FbtoACldHp'),
(80, '00000080', '1000.00', '2017-03-04 17:35:41.253000', 87, 1, 1, 'fIuY6hDUk3'),
(81, '00000081', '1000.00', '2017-03-04 17:35:41.699000', 88, 1, 1, 'AHV8xFNtQq'),
(82, '00000082', '1000.00', '2017-03-04 17:44:33.967000', 89, 1, 1, 'yUduKVXbhq'),
(83, '00000083', '1000.00', '2017-03-04 17:44:34.493000', 90, 1, 1, 'VOnv8r7EL5'),
(84, '00000084', '1000.00', '2017-03-04 17:44:34.793000', 91, 1, 1, 'KQigDW1FsY'),
(85, '00000085', '1000.00', '2017-03-04 17:48:19.358000', 92, 1, 1, 'sk1NYF8soL'),
(86, '00000086', '1000.00', '2017-03-04 17:48:41.818000', 93, 1, 1, '2fVahjwULU'),
(87, '00000087', '1000.00', '2017-03-04 17:56:48.598000', 94, 1, 1, 'wIhVyLbXYf'),
(88, '00000088', '1000.00', '2017-03-04 17:57:33.813000', 95, 1, 1, '2JkpMAcN5M'),
(89, '00000089', '1000.00', '2017-03-04 17:57:58.414000', 96, 1, 1, '1RUXDT7cmw'),
(90, '00000090', '1000.00', '2017-03-04 17:58:11.964000', 97, 1, 1, '4plV63dp0O'),
(91, '00000091', '1000.00', '2017-03-04 18:01:11.404000', 98, 1, 1, 'FsLG9ouOIK'),
(92, '00000092', '1000.00', '2017-03-04 18:01:22.710000', 99, 1, 1, 'RpFPD9dfIb'),
(93, '00000093', '1000.00', '2017-03-04 18:01:23.185000', 100, 1, 1, 'DD05fAPc7n'),
(94, '00000094', '1000.00', '2017-03-04 18:01:23.415000', 101, 1, 1, 'icpndhvMFU'),
(95, '00000095', '1000.00', '2017-03-04 18:02:40.290000', 102, 3, 1, 'eK6fjRKOVK'),
(96, '00000096', '1000.00', '2017-03-04 18:02:40.690000', 103, 3, 1, '2CV8NAEKDK'),
(97, '00000097', '1000.00', '2017-03-04 18:02:40.990000', 104, 3, 1, 'Qhvmsh02d3'),
(98, '00000098', '1000.00', '2017-03-04 18:03:35.863000', 105, 3, 1, 'bJXeDIujce'),
(99, '00000099', '1000.00', '2017-03-04 18:03:42.592000', 106, 3, 1, 'Ikvzysda5j'),
(100, '00000100', '1000.00', '2017-03-04 18:03:55.662000', 107, 3, 1, 'wF9Vq6H6jV'),
(101, '00000101', '1000.00', '2017-03-04 18:04:07.799000', 108, 3, 1, 'G4AUYXMiRi'),
(102, '00000102', '1000.00', '2017-03-04 18:04:22.600000', 109, 3, 1, 'v3HiVjSu69'),
(103, '00000103', '1000.00', '2017-03-04 18:07:11.870000', 110, 3, 1, 'LM1Ph3bqTh'),
(104, '00000104', '1000.00', '2017-03-04 18:08:54.041000', 111, 1, 1, 'sUYYrJZ9X4'),
(105, '00000105', '1000.00', '2017-03-04 18:09:17.145000', 112, 3, 1, 'OT7sB011Dw'),
(106, '00000106', '1000.00', '2017-03-04 18:09:51.102000', 113, 3, 1, '1YyeDcyzUA'),
(107, '00000107', '1000.00', '2017-03-04 18:10:09.913000', 114, 3, 1, 'h3CbWr3DsZ'),
(108, '00000108', '1000.00', '2017-03-04 18:10:14.343000', 115, 2, 1, 'SHMy9cDUIG'),
(109, '00000109', '1000.00', '2017-03-04 18:10:14.665000', 116, 2, 1, 'fTcR9V0OiM'),
(110, '00000110', '1000.00', '2017-03-04 18:10:14.866000', 117, 2, 1, 'NjUY1MJhWQ'),
(111, '00000111', '6400.00', '2017-03-04 18:10:46.466000', 118, 1, 1, 'JO3YbZGvkY'),
(112, '00000112', '6400.00', '2017-03-04 18:10:46.953000', 119, 1, 1, 'Y9IrdYLpRE'),
(113, '00000113', '6400.00', '2017-03-04 18:10:47.255000', 120, 1, 1, 'pRDeSkzguf'),
(114, '00000114', '1500.00', '2017-03-04 18:15:25.715000', 121, 1, 1, 'NaiwcDc3dO'),
(115, '00000115', '1500.00', '2017-03-04 18:15:26.215000', 122, 1, 1, '1plknem25N'),
(116, '00000116', '1500.00', '2017-03-04 18:15:26.486000', 123, 1, 1, 'jnVtSOb1qJ'),
(117, '00000117', '1500.00', '2017-03-04 18:16:28.487000', 124, 1, 1, 'DYmlETg2lW'),
(118, '00000118', '1500.00', '2017-03-04 18:16:44.879000', 125, 1, 1, 'P0eF6D7MD2'),
(119, '00000119', '1500.00', '2017-03-04 18:16:47.257000', 126, 1, 1, 'MohJbnlmsj'),
(120, '00000120', '1500.00', '2017-03-04 18:16:55.978000', 127, 1, 1, 'vD56Hn1FmB'),
(121, '00000121', '1500.00', '2017-03-04 18:17:12.051000', 128, 1, 1, 'vLw516p06C'),
(122, '00000122', '1500.00', '2017-03-04 18:17:29.760000', 129, 1, 1, 'pcRCmsApzK'),
(123, '00000123', '1500.00', '2017-03-04 18:17:53.336000', 130, 3, 1, '1WTLzHaIWc'),
(124, '00000124', '1500.00', '2017-03-04 18:17:53.959000', 131, 3, 1, 'm6n4M4Dgdk'),
(125, '00000125', '1500.00', '2017-03-04 18:17:54.159000', 132, 3, 1, 'Ha4uoUSnkk'),
(126, '00000126', '1500.00', '2017-03-04 18:18:30.411000', 133, 2, 1, 'x63Bff1vyk'),
(127, '00000127', '1500.00', '2017-03-04 18:18:31.315000', 134, 2, 1, 'c1dCHdR60M'),
(128, '00000128', '1500.00', '2017-03-04 18:18:31.586000', 135, 2, 1, 'kCzVLlBf0f'),
(129, '00000129', '1500.00', '2017-03-04 18:18:59.118000', 136, 2, 1, 'oIfcK8XwBN'),
(130, '00000130', '1500.00', '2017-03-04 18:19:11.338000', 137, 2, 1, 'kJVjjIMVbu'),
(131, '00000131', '1500.00', '2017-03-04 18:19:29.163000', 138, 2, 1, 'M3e6BX5lL0'),
(132, '00000132', '1500.00', '2017-03-04 18:19:36.033000', 139, 2, 1, 'gUa4TYLYpF'),
(133, '00000133', '1500.00', '2017-03-04 18:19:39.533000', 140, 2, 1, 'f1jwoEDuBc'),
(134, '00000134', '1500.00', '2017-03-04 18:19:39.773000', 141, 2, 1, 'KgA8qXY74b'),
(135, '00000135', '3000.00', '2017-03-06 10:16:24.796000', 142, 2, 6, 'WF2uEQr2vq'),
(136, '00000136', '3000.00', '2017-03-06 10:16:31.167000', 143, 2, 6, 'rhckfdx8Pe'),
(137, '00000137', '3000.00', '2017-03-06 10:16:31.747000', 144, 2, 6, 'Ch43aDkkHw'),
(138, '00000138', '3000.00', '2017-03-06 10:16:31.977000', 145, 2, 6, 'RqB5tvZyRd'),
(139, '00000139', '3000.00', '2017-03-06 10:16:32.212000', 146, 2, 6, 'SMAOG0HXvr'),
(140, '00000140', '3000.00', '2017-03-06 10:16:32.443000', 147, 2, 6, 'ZWOvXTKWpM'),
(141, '00000141', '3000.00', '2017-03-06 10:16:32.735000', 148, 2, 6, 'xHjgn2146T'),
(142, '00000142', '3000.00', '2017-03-06 10:16:33.244000', 149, 2, 6, 'x0pGOt1Jpx'),
(143, '00000143', '3000.00', '2017-03-06 10:16:33.511000', 150, 2, 6, 'y1IJJWWiBr'),
(144, '00000144', '3000.00', '2017-03-06 10:16:33.790000', 151, 2, 6, 'pq1nfFltdn'),
(145, '00000145', '3000.00', '2017-03-06 10:16:33.989000', 152, 2, 6, 'lPl2gEElqw'),
(146, '00000146', '3000.00', '2017-03-06 10:17:39.117000', 153, 2, 6, '0lkDfR9Udu'),
(147, '00000147', '3000.00', '2017-03-06 10:18:35.761000', 154, 2, 1, 'gaPEk9qFDz'),
(148, '00000148', '3000.00', '2017-03-06 10:20:29.580000', 155, 2, 1, 'DsSpgeFDD9'),
(149, '00000149', '3000.00', '2017-03-06 10:28:40.327000', 156, 2, 1, 'nconOIga9J'),
(150, '00000150', '3000.00', '2017-03-06 10:28:57.583000', 157, 2, 1, 'tKA7C2xTAY'),
(151, '00000151', '3000.00', '2017-03-06 10:29:01.538000', 158, 2, 1, '9vj9V5tnBq'),
(152, '00000152', '3000.00', '2017-03-06 10:29:33.217000', 159, 2, 1, 'mXQnqo6Z9y'),
(153, '00000153', '3000.00', '2017-03-06 10:29:35.285000', 160, 2, 1, 'WtIHMh3r9M'),
(154, '00000154', '3000.00', '2017-03-06 10:29:35.929000', 161, 2, 1, 'aWN5QPi9tF'),
(155, '00000155', '800.00', '2017-03-06 18:44:07.524000', 162, 3, 10, 'Z7y0rrfJai'),
(156, '00000156', '800.00', '2017-03-06 18:44:16.322000', 163, 3, 10, '1liEc2RE2Z'),
(157, '00000157', '800.00', '2017-03-06 18:44:16.483000', 164, 3, 10, 'iYgL2Vbef4'),
(158, '00000158', '800.00', '2017-03-06 18:44:16.687000', 165, 3, 10, 'fC8xyIsMqM'),
(159, '00000159', '800.00', '2017-03-06 18:44:16.796000', 166, 3, 10, 'AMqsDshP4O'),
(160, '00000160', '800.00', '2017-03-06 18:44:16.952000', 167, 3, 10, 'v3nA7HjyOj'),
(161, '00000161', '800.00', '2017-03-06 18:44:17.093000', 168, 3, 10, 'KQtcpZgeTS'),
(162, '00000162', '800.00', '2017-03-06 18:44:17.233000', 169, 3, 10, '8pT7lo9ekA'),
(163, '00000163', '800.00', '2017-03-06 18:44:39.744000', 170, 3, 10, 'NlT4ABDVdx'),
(164, '00000164', '800.00', '2017-03-06 18:47:08.638000', 171, 3, 10, 'sG15RvWltW'),
(165, '00000165', '1500.00', '2017-03-06 18:51:46.168000', 172, 3, 6, '2AXSeeOEPa'),
(166, '00000166', '1500.00', '2017-03-06 18:51:46.830000', 173, 3, 6, '4kacG2I8xs'),
(167, '00000167', '1500.00', '2017-03-06 18:51:47.243000', 174, 3, 6, 'WdSdBSItWA'),
(168, '00000168', '1000.00', '2017-03-06 19:01:15.813000', 175, 3, 1, 'w3NgoQSOzQ'),
(169, '00000169', '1000.00', '2017-03-06 19:01:21.805000', 176, 3, 1, '18LUN9mlDp'),
(170, '00000170', '1000.00', '2017-03-06 19:01:22.310000', 177, 3, 1, 'KLMCQ98qOm'),
(171, '00000171', '1000.00', '2017-03-06 19:01:26.480000', 178, 3, 1, 'gErvLTYEuB'),
(172, '00000172', '1000.00', '2017-03-06 19:01:26.982000', 179, 3, 1, 'asI25to9eX'),
(173, '00000173', '1000.00', '2017-03-06 19:01:27.466000', 180, 3, 1, '0yKNNERxBK'),
(174, '00000174', '1000.00', '2017-03-06 19:01:28.108000', 181, 3, 1, 'bvnlSjMF1g'),
(175, '00000175', '1000.00', '2017-03-06 19:01:28.608000', 182, 3, 1, 'sVf3QGlw5u'),
(176, '00000176', '1000.00', '2017-03-06 19:01:28.898000', 183, 3, 1, '95PaWIAPsn'),
(177, '00000177', '1000.00', '2017-03-06 19:01:29.226000', 184, 3, 1, 'orngHtMVjN'),
(178, '00000178', '1000.00', '2017-03-06 19:01:29.913000', 185, 3, 1, 'miCnTop06e'),
(179, '00000179', '1000.00', '2017-03-06 19:01:30.257000', 186, 3, 1, 'NnUVpPF2Gp'),
(180, '00000180', '1000.00', '2017-03-06 19:01:30.729000', 187, 3, 1, 'Ga1lSijG9h'),
(181, '00000181', '1000.00', '2017-03-06 19:01:31.055000', 188, 3, 1, 'NleJ2ap9nF'),
(182, '00000182', '1000.00', '2017-03-06 19:01:31.618000', 189, 3, 1, '0JFUvSYSvt'),
(183, '00000183', '1000.00', '2017-03-06 19:01:32.083000', 190, 3, 1, 'eDZ6t4dpf4'),
(184, '00000184', '1000.00', '2017-03-06 19:01:32.407000', 191, 3, 1, 'uvOr9qqags'),
(185, '00000185', '1000.00', '2017-03-06 19:01:33.383000', 192, 3, 1, 'JwVy3NILkC'),
(186, '00000186', '1000.00', '2017-03-06 19:01:34.618000', 193, 3, 1, 'MIjcDhDZit'),
(187, '00000187', '1000.00', '2017-03-06 19:01:35.742000', 194, 3, 1, 'DHe4wkeD9Z'),
(188, '00000188', '1000.00', '2017-03-06 19:01:36.742000', 195, 3, 1, 'o6qBiHoPWM'),
(189, '00000189', '1000.00', '2017-03-06 19:01:37.942000', 196, 3, 1, 'ZdC8fxpmO8'),
(190, '00000190', '1000.00', '2017-03-06 19:01:44.739000', 197, 3, 1, 'u9JvKoPjbN'),
(191, '00000191', '1000.00', '2017-03-06 19:01:45.067000', 198, 3, 1, '6nyvGR4vYC'),
(192, '00000192', '1000.00', '2017-03-06 19:01:45.443000', 199, 3, 1, 'kAt7qEoOJr'),
(193, '00000193', '1000.00', '2017-03-06 19:01:45.755000', 200, 3, 1, 'X8eUXiHewg'),
(194, '00000194', '1000.00', '2017-03-06 19:01:46.104000', 201, 3, 1, 'oAY26sjtST'),
(195, '00000195', '1000.00', '2017-03-06 19:01:46.403000', 202, 3, 1, 'ibB3x4wFEB'),
(196, '00000196', '1500.00', '2017-03-06 19:02:48.475000', 203, 3, 6, 'xy1xSGJEM8'),
(197, '00000197', '1500.00', '2017-03-06 19:02:49.172000', 204, 3, 6, 'Tx5avQ2ytB'),
(198, '00000198', '1500.00', '2017-03-06 19:02:49.547000', 205, 3, 6, '92grHboPYI'),
(199, '00000199', '1000.00', '2017-03-06 19:03:22.994000', 206, 3, 1, 'uYvgpaNhq9'),
(200, '00000200', '4000.00', '2017-03-06 19:03:44.889000', 207, 3, 1, 'Succv7jZxD'),
(201, '00000201', '4000.00', '2017-03-06 19:03:48.569000', 208, 3, 1, 'lMYXhqi1OZ'),
(202, '00000202', '1500.00', '2017-03-06 19:04:21.418000', 209, 3, 6, 'KeoHvgAW6X'),
(203, '00000203', '1500.00', '2017-03-06 19:04:21.786000', 210, 3, 6, '8cDCKnvDdX'),
(204, '00000204', '1500.00', '2017-03-06 19:04:22.052000', 211, 3, 6, 'rEJvjfWvQ8'),
(205, '00000205', '1500.00', '2017-03-06 19:06:41.662000', 212, 3, 6, 'A3zK92X5X6'),
(206, '00000206', '1500.00', '2017-03-06 19:06:42.541000', 213, 3, 6, 'rnc6ZDp3Kl'),
(207, '00000207', '1500.00', '2017-03-06 19:06:42.850000', 214, 3, 6, 'Ng7CubKBSh');

-- --------------------------------------------------------

--
-- Table structure for table `bookings_payment_method`
--

CREATE TABLE IF NOT EXISTS `bookings_payment_method` (
`id` int(11) NOT NULL,
  `payment_method` varchar(50) NOT NULL
) ENGINE=InnoDB AUTO_INCREMENT=4 DEFAULT CHARSET=latin1;

--
-- Dumping data for table `bookings_payment_method`
--

INSERT INTO `bookings_payment_method` (`id`, `payment_method`) VALUES
(1, 'Credit Card'),
(2, 'BANK TRANSFER'),
(3, 'CHEQUE PAYMENT');

-- --------------------------------------------------------

--
-- Table structure for table `bookings_status`
--

CREATE TABLE IF NOT EXISTS `bookings_status` (
`id` int(11) NOT NULL,
  `status_name` varchar(50) NOT NULL
) ENGINE=InnoDB AUTO_INCREMENT=2 DEFAULT CHARSET=latin1;

--
-- Dumping data for table `bookings_status`
--

INSERT INTO `bookings_status` (`id`, `status_name`) VALUES
(1, 'Confirm');

-- --------------------------------------------------------

--
-- Table structure for table `club_club`
--

CREATE TABLE IF NOT EXISTS `club_club` (
`id` int(11) NOT NULL,
  `club_name` varchar(50) NOT NULL,
  `club_slug` varchar(50) NOT NULL,
  `description` longtext NOT NULL,
  `user_id` int(11) NOT NULL
) ENGINE=InnoDB AUTO_INCREMENT=43 DEFAULT CHARSET=latin1;

--
-- Dumping data for table `club_club`
--

INSERT INTO `club_club` (`id`, `club_name`, `club_slug`, `description`, `user_id`) VALUES
(1, 'Sinha Club', 'sinha-club', 'YO YO Shivam Sinha YO YO Shivam Sinha YO YO Shivam Sinha YO YO Shivam Sinha YO YO Shivam Sinha YO YO Shivam Sinha YO YO Shivam Sinha YO YO Shivam Sinha YO YO Shivam Sinha YO YO Shivam Sinha YO YO Shivam Sinha YO YO Shivam Sinha YO YO Shivam Sinha YO YO Shivam Sinha YO YO Shivam Sinha YO YO Shivam Sinha YO YO Shivam Sinha YO YO Shivam Sinha YO YO Shivam Sinha YO YO Shivam Sinha YO YO Shivam Sinha YO YO Shivam Sinha YO YO Shivam Sinha YO YO Shivam Sinha YO YO Shivam Sinha YO YO Shivam Sinha YO YO Shivam Sinha YO YO Shivam Sinha YO YO Shivam Sinha YO YO Shivam Sinha YO YO Shivam Sinha YO YO Shivam Sinha YO YO Shivam Sinha YO YO Shivam Sinha YO YO Shivam Sinha YO YO Shivam Sinha YO YO Shivam Sinha YO YO Shivam Sinha YO YO Shivam Sinha YO YO Shivam Sinha YO YO Shivam Sinha YO YO Shivam Sinha YO YO Shivam Sinha YO YO Shivam Sinha YO YO Shivam Sinha YO YO Shivam Sinha YO YO Shivam Sinha YO YO Shivam Sinha YO YO Shivam Sinha YO YO Shivam Sinha YO YO Shivam Sinha YO YO Shivam Sinha YO YO Shivam Sinha YO YO Shivam Sinha YO YO Shivam Sinha YO YO Shivam Sinha YO YO Shivam Sinha YO YO Shivam Sinha YO YO Shivam Sinha YO YO Shivam Sinha YO YO Shivam Sinha YO YO Shivam Sinha YO YO Shivam Sinha YO YO Shivam Sinha YO YO Shivam Sinha YO YO Shivam Sinha YO YO Shivam Sinha YO YO Shivam Sinha YO YO Shivam Sinha YO YO Shivam Sinha YO YO Shivam Sinha YO YO Shivam Sinha', 1),
(9, 'Vaibhav Club', 'vaibhav-club-7-8', '', 1),
(10, 'Jaroli Club', 'jaroli-club-2-3-4-5-6', '', 1),
(11, 'Anshul Club', 'anshul-club', '', 1),
(12, 'Chopra Club', 'chopra-club', '', 1),
(13, 'Shukla Club', 'shukla-club', '', 1),
(14, 'Mota Club', 'mota-club', 'fsdg gdscs dhsagd ashgd sad mas djsd jsadjd sjd asjd ajd asjd asjd asjhas dd as djasd jas dasjd sajd', 1),
(15, 'KK Club', 'kk-club', 'wdasd ad asd afd adfsdfsd fsd sdf', 1),
(16, 'Ritik Club', 'ritik-club', 'adsad sad sasd asdsadsad asd', 1),
(17, 'Dog Club', 'dog-club', 'sdasvd sdkjsa daskdj nasd kjsak jas, kjads,asd ,m', 1),
(18, 'Maaka Club', 'maaka-club', 'dsdc dsadv hnvdslj vn,sdvb dsbmvsldjb vn', 1),
(19, 'Maaka Club', 'maaka-club-18', 'dsdc dsadv hnvdslj vn,sdvb dsbmvsldjb vn', 1),
(20, 'Yoyo Club', 'yoyo-club', 'sadcg bsmdh sjgc asjg casjc ba', 3),
(21, 'Vikku Club', 'vikku-club', 'scfh vcsakh asjck laskjc asjchv asjg', 1),
(22, 'Niki Club', 'niki-club', 'sadasdsad dasdasd', 1),
(23, 'Niki Club', 'niki-club-22', 'sadasdsad dasdasd', 1),
(24, 'Niki Club', 'niki-club-22-23', 'sadasdsad dasdasd', 1),
(25, 'Niki Club', 'niki-club-22-23-24', 'sadasdsad dasdasd', 1),
(26, 'Niki Clubd', 'niki-clubd', 'sadasdsad dasdasd', 1),
(27, 'Niki Clubd', 'niki-clubd-26', 'sadasdsad dasdasd', 1),
(28, 'Niki Clubd', 'niki-clubd-26-27', 'sadasdsad dasdasd', 1),
(29, 'Niki Clubd', 'niki-clubd-26-27-28', 'sadasdsad dasdasd', 1),
(30, 'ee club', 'ee-club', 'xzczcxc', 1),
(31, 'ee club', 'ee-club-30', 'xzczcxc', 1),
(32, 'ee club', 'ee-club-30-31', 'xzczcxc', 1),
(33, 'ee club', 'ee-club-30-31-32', 'xzczcxc', 1),
(34, 'ff club', 'ff-club', 'asasasaassaas', 1),
(35, 'ff club', 'ff-club-34', 'asasasaassaas', 1),
(36, 'ff club', 'ff-club-34-35', 'asasasaassaas', 1),
(37, 'Shubhankar Club', 'shubhankar-club', 'sfvghs cashgc ashgc', 1),
(38, 'Baby Club', 'baby-club', 'bjksdsak ks asfassasafsa', 1),
(39, 'AASF club', 'aasf-club', 'sfb smfashm skjdfasf', 1),
(40, 'BMC Club', 'bmc-club', 'dfgdfgdfg                            x zbdfsfdf', 1),
(41, 'Asshole Club', 'asshole-club', 'dshcv dscjh sdjcb sdjc', 9),
(42, 'fsdf', 'fsdf', 'ergergergewrertergergr', 1);

-- --------------------------------------------------------

--
-- Table structure for table `club_entry_rate`
--

CREATE TABLE IF NOT EXISTS `club_entry_rate` (
`id` int(11) NOT NULL,
  `price` int(11) NOT NULL,
  `club_name_id` int(11) NOT NULL,
  `entry_type_r_id` int(11) NOT NULL
) ENGINE=InnoDB AUTO_INCREMENT=38 DEFAULT CHARSET=latin1;

--
-- Dumping data for table `club_entry_rate`
--

INSERT INTO `club_entry_rate` (`id`, `price`, `club_name_id`, `entry_type_r_id`) VALUES
(20, 1000, 1, 1),
(21, 2000, 1, 2),
(22, 1200, 1, 3),
(23, 1500, 1, 4),
(24, 800, 1, 5),
(25, 800, 9, 1),
(30, 500, 39, 1),
(31, 800, 39, 4),
(32, 1000, 40, 1),
(33, 2000, 40, 4),
(34, 2000, 41, 1),
(35, 3000, 41, 4),
(36, 7780, 42, 1),
(37, 78564, 42, 4);

-- --------------------------------------------------------

--
-- Table structure for table `club_entry_type`
--

CREATE TABLE IF NOT EXISTS `club_entry_type` (
`id` int(11) NOT NULL,
  `type_entry` varchar(50) NOT NULL
) ENGINE=InnoDB AUTO_INCREMENT=6 DEFAULT CHARSET=latin1;

--
-- Dumping data for table `club_entry_type`
--

INSERT INTO `club_entry_type` (`id`, `type_entry`) VALUES
(1, 'Single'),
(2, 'Couple (MM)'),
(3, 'Couple (FF)'),
(4, 'Couple (MF)'),
(5, 'Group');

-- --------------------------------------------------------

--
-- Table structure for table `club_service`
--

CREATE TABLE IF NOT EXISTS `club_service` (
`id` int(11) NOT NULL,
  `service_name` varchar(50) NOT NULL,
  `club_name_id` int(11) NOT NULL
) ENGINE=InnoDB AUTO_INCREMENT=14 DEFAULT CHARSET=latin1;

--
-- Dumping data for table `club_service`
--

INSERT INTO `club_service` (`id`, `service_name`, `club_name_id`) VALUES
(1, 'Drink', 1),
(2, 'Lunch', 39),
(3, 'Dinner', 39),
(4, 'Drinks', 39),
(5, 'Table', 39),
(6, 'Dinner', 40),
(7, 'Drinks', 40),
(8, 'Lunch', 41),
(9, 'Dinner', 41),
(10, 'Drinks', 41),
(11, 'Breakfast', 42),
(12, 'Lunch', 42),
(13, 'Dinner', 42);

-- --------------------------------------------------------

--
-- Table structure for table `django_admin_log`
--

CREATE TABLE IF NOT EXISTS `django_admin_log` (
`id` int(11) NOT NULL,
  `action_time` datetime(6) NOT NULL,
  `object_id` longtext,
  `object_repr` varchar(200) NOT NULL,
  `action_flag` smallint(5) unsigned NOT NULL,
  `change_message` longtext NOT NULL,
  `content_type_id` int(11) DEFAULT NULL,
  `user_id` int(11) NOT NULL
) ENGINE=InnoDB AUTO_INCREMENT=51 DEFAULT CHARSET=latin1;

--
-- Dumping data for table `django_admin_log`
--

INSERT INTO `django_admin_log` (`id`, `action_time`, `object_id`, `object_repr`, `action_flag`, `change_message`, `content_type_id`, `user_id`) VALUES
(1, '2017-02-25 12:08:41.477000', '1', 'Single', 1, 'Added.', 14, 1),
(2, '2017-02-25 12:08:45.400000', '2', 'Couple (MM)', 1, 'Added.', 14, 1),
(3, '2017-02-25 12:08:51.160000', '3', 'Couple (FF)', 1, 'Added.', 14, 1),
(4, '2017-02-25 12:08:55.816000', '4', 'Couple (MF)', 1, 'Added.', 14, 1),
(5, '2017-02-25 12:09:00.384000', '5', 'Group', 1, 'Added.', 14, 1),
(6, '2017-02-25 12:09:26.519000', '1', 'shivam', 1, 'Added.', 7, 1),
(7, '2017-02-25 12:10:17.832000', '1', 'Sinha Club', 1, 'Added.', 13, 1),
(8, '2017-02-25 12:15:02.555000', '1', 'Drink', 1, 'Added.', 16, 1),
(9, '2017-02-25 15:54:01.337000', '1', 'Payment_Method object', 1, 'Added.', 20, 1),
(10, '2017-02-25 15:54:10.603000', '2', 'Payment_Method object', 1, 'Added.', 20, 1),
(11, '2017-02-25 15:54:34.380000', '1', 'Status object', 1, 'Added.', 17, 1),
(12, '2017-02-25 15:56:34.198000', '1', 'Booking object', 1, 'Added.', 18, 1),
(13, '2017-02-25 15:58:34.080000', '1', 'Payment object', 1, 'Added.', 21, 1),
(14, '2017-02-25 16:06:46.361000', '1', 'OrderVenue object', 1, 'Added.', 19, 1),
(15, '2017-02-25 16:16:14.463000', '20', 'Entry_rate object', 1, 'Added.', 15, 1),
(16, '2017-02-25 16:24:42.144000', '1', 'hyderabad', 1, 'Added.', 9, 1),
(17, '2017-02-25 16:24:54.400000', '2', 'delhi', 1, 'Added.', 9, 1),
(18, '2017-02-25 16:26:29.426000', '1', 'gandhinagar', 1, 'Added.', 10, 1),
(19, '2017-02-25 16:27:07.727000', '2', 'tariqnagar', 1, 'Added.', 10, 1),
(20, '2017-02-25 16:27:30.463000', '3', 'cp', 1, 'Added.', 10, 1),
(21, '2017-02-25 16:27:59.462000', '4', 'hazratganj', 1, 'Added.', 10, 1),
(22, '2017-02-25 16:28:24.161000', '2', 'delhi', 2, 'Changed total_locality.', 9, 1),
(23, '2017-02-25 16:28:30.973000', '1', 'hyderabad', 2, 'Changed total_locality.', 9, 1),
(24, '2017-02-25 16:29:53.321000', '1', 'Sinha club', 1, 'Added.', 11, 1),
(25, '2017-02-25 16:40:21.556000', '1', 'Hyderabad', 2, 'Changed total_venues.', 9, 1),
(26, '2017-02-25 16:40:53.402000', '1', 'Hyderabad', 2, 'Changed total_venues.', 9, 1),
(27, '2017-02-25 16:47:49.289000', '8', 'Vaibhav Club', 3, '', 13, 1),
(28, '2017-02-25 16:47:49.345000', '7', 'Vaibhav Club', 3, '', 13, 1),
(29, '2017-02-25 16:47:49.388000', '6', 'Jaroli Club', 3, '', 13, 1),
(30, '2017-02-25 16:47:49.421000', '5', 'Jaroli Club', 3, '', 13, 1),
(31, '2017-02-25 16:47:49.444000', '4', 'Jaroli Club', 3, '', 13, 1),
(32, '2017-02-25 16:47:49.510000', '3', 'Jaroli Club', 3, '', 13, 1),
(33, '2017-02-25 16:47:49.555000', '2', 'Jaroli Club', 3, '', 13, 1),
(34, '2017-02-25 16:49:59.628000', '1', 'shivam', 2, 'Changed first_name, last_name, email and last_login.', 4, 1),
(35, '2017-02-25 17:08:32.447000', '20', 'Entry_rate object', 2, 'No fields changed.', 15, 1),
(36, '2017-02-25 17:21:12.002000', '21', 'Entry_rate object', 1, 'Added.', 15, 1),
(37, '2017-02-25 17:21:25.032000', '22', 'Entry_rate object', 1, 'Added.', 15, 1),
(38, '2017-02-25 17:21:36.423000', '23', 'Entry_rate object', 1, 'Added.', 15, 1),
(39, '2017-02-25 17:21:54.561000', '24', 'Entry_rate object', 1, 'Added.', 15, 1),
(40, '2017-02-25 17:26:35.630000', '25', 'Entry_rate object', 1, 'Added.', 15, 1),
(41, '2017-02-25 17:57:52.861000', '1', 'Credit Card', 2, 'Changed payment_method.', 20, 1),
(42, '2017-02-25 17:58:06.149000', '2', 'BANK TRANSFER', 2, 'Changed payment_method.', 20, 1),
(43, '2017-02-25 17:58:15.166000', '3', 'CHEQUE PAYMENT', 1, 'Added.', 20, 1),
(44, '2017-02-26 07:43:01.693000', '2', '2', 2, 'Changed fromdate.', 18, 1),
(45, '2017-02-26 07:52:59.303000', '1', 'Payment object', 2, 'Changed invoice_number.', 21, 1),
(46, '2017-03-04 17:42:05.921000', '1', 'Address object', 2, 'Changed venue.', 12, 1),
(47, '2017-03-06 10:02:18.657000', '27', 'Entry_rate object', 3, '', 15, 1),
(48, '2017-03-06 10:02:18.743000', '26', 'Entry_rate object', 3, '', 15, 1),
(49, '2017-03-06 10:03:01.148000', '29', 'Entry_rate object', 3, '', 15, 1),
(50, '2017-03-06 10:03:01.212000', '28', 'Entry_rate object', 3, '', 15, 1);

-- --------------------------------------------------------

--
-- Table structure for table `django_content_type`
--

CREATE TABLE IF NOT EXISTS `django_content_type` (
`id` int(11) NOT NULL,
  `app_label` varchar(100) NOT NULL,
  `model` varchar(100) NOT NULL
) ENGINE=InnoDB AUTO_INCREMENT=22 DEFAULT CHARSET=latin1;

--
-- Dumping data for table `django_content_type`
--

INSERT INTO `django_content_type` (`id`, `app_label`, `model`) VALUES
(8, 'accounts', 'corporateuser'),
(7, 'accounts', 'normaluser'),
(1, 'admin', 'logentry'),
(3, 'auth', 'group'),
(2, 'auth', 'permission'),
(4, 'auth', 'user'),
(18, 'bookings', 'booking'),
(19, 'bookings', 'ordervenue'),
(21, 'bookings', 'payment'),
(20, 'bookings', 'payment_method'),
(17, 'bookings', 'status'),
(13, 'club', 'club'),
(15, 'club', 'entry_rate'),
(14, 'club', 'entry_type'),
(16, 'club', 'service'),
(5, 'contenttypes', 'contenttype'),
(6, 'sessions', 'session'),
(12, 'venues', 'address'),
(9, 'venues', 'city'),
(10, 'venues', 'locality'),
(11, 'venues', 'venues');

-- --------------------------------------------------------

--
-- Table structure for table `django_migrations`
--

CREATE TABLE IF NOT EXISTS `django_migrations` (
`id` int(11) NOT NULL,
  `app` varchar(255) NOT NULL,
  `name` varchar(255) NOT NULL,
  `applied` datetime(6) NOT NULL
) ENGINE=InnoDB AUTO_INCREMENT=27 DEFAULT CHARSET=latin1;

--
-- Dumping data for table `django_migrations`
--

INSERT INTO `django_migrations` (`id`, `app`, `name`, `applied`) VALUES
(1, 'contenttypes', '0001_initial', '2017-02-25 12:05:58.185000'),
(2, 'auth', '0001_initial', '2017-02-25 12:06:08.445000'),
(3, 'accounts', '0001_initial', '2017-02-25 12:06:11.406000'),
(4, 'accounts', '0002_auto_20170121_1907', '2017-02-25 12:06:14.365000'),
(5, 'accounts', '0003_normaluser_contact_no', '2017-02-25 12:06:15.120000'),
(6, 'accounts', '0004_corporateuser_contact_no', '2017-02-25 12:06:15.875000'),
(7, 'admin', '0001_initial', '2017-02-25 12:06:19.572000'),
(8, 'admin', '0002_logentry_remove_auto_add', '2017-02-25 12:06:19.741000'),
(9, 'contenttypes', '0002_remove_content_type_name', '2017-02-25 12:06:21.563000'),
(10, 'auth', '0002_alter_permission_name_max_length', '2017-02-25 12:06:22.356000'),
(11, 'auth', '0003_alter_user_email_max_length', '2017-02-25 12:06:23.255000'),
(12, 'auth', '0004_alter_user_username_opts', '2017-02-25 12:06:23.413000'),
(13, 'auth', '0005_alter_user_last_login_null', '2017-02-25 12:06:24.164000'),
(14, 'auth', '0006_require_contenttypes_0002', '2017-02-25 12:06:24.185000'),
(15, 'auth', '0007_alter_validators_add_error_messages', '2017-02-25 12:06:24.257000'),
(16, 'bookings', '0001_initial', '2017-02-25 12:06:38.207000'),
(17, 'club', '0001_initial', '2017-02-25 12:06:47.228000'),
(18, 'sessions', '0001_initial', '2017-02-25 12:06:47.804000'),
(19, 'venues', '0001_initial', '2017-02-25 12:06:53.966000'),
(20, 'venues', '0002_auto_20170122_1019', '2017-02-25 12:06:56.944000'),
(21, 'venues', '0003_auto_20170122_1040', '2017-02-25 12:06:58.670000'),
(22, 'venues', '0004_auto_20170122_2214', '2017-02-25 12:07:02.388000'),
(23, 'venues', '0005_auto_20170124_1604', '2017-02-25 12:07:04.351000'),
(24, 'bookings', '0002_payment_tansaction_number', '2017-02-25 16:03:28.958000'),
(25, 'club', '0002_auto_20170225_2253', '2017-02-25 17:23:38.176000'),
(26, 'club', '0003_auto_20170225_2256', '2017-02-25 17:26:27.063000');

-- --------------------------------------------------------

--
-- Table structure for table `django_session`
--

CREATE TABLE IF NOT EXISTS `django_session` (
  `session_key` varchar(40) NOT NULL,
  `session_data` longtext NOT NULL,
  `expire_date` datetime(6) NOT NULL
) ENGINE=InnoDB DEFAULT CHARSET=latin1;

--
-- Dumping data for table `django_session`
--

INSERT INTO `django_session` (`session_key`, `session_data`, `expire_date`) VALUES
('bh4w86kglzle8b8a4i8kdqmjmteorak6', 'NjI0MDg3YzMzMDRmODg3YTBlZjFmMjYwMjMxMzMyMGFhYzNjZGZmZTp7Il9hdXRoX3VzZXJfaGFzaCI6IjE1ODQ1Mjk5YTViMzgzMmUwMzlmOWQ1MzNiN2M2OTI4ZjViMmU5ZDUiLCJ2ZW51ZSI6ImNsdWIiLCJfYXV0aF91c2VyX2JhY2tlbmQiOiJkamFuZ28uY29udHJpYi5hdXRoLmJhY2tlbmRzLk1vZGVsQmFja2VuZCIsIl9hdXRoX3VzZXJfaWQiOiIxMCJ9', '2017-03-20 18:42:41.205000'),
('dghotje85yaqvrbp3cmg3i6lo1cxo6dy', 'YjM3NzRhOGMyZmE0MzkxZGQ0MDc5Y2Q1YjU1ZGRiOTkzY2FhNDA4MTp7InZlbnVlIjoiY2x1YiJ9', '2017-03-20 10:32:48.121000'),
('gdv6dg1d82ma89ily3clw5i6qwti120f', 'ZGYxOTg0NjVlYzRiZGZiZTE3YWE1ZWE2ODZmMTFmN2JmYTY1MjVlYjp7Il9hdXRoX3VzZXJfaGFzaCI6ImUyYjZiNmQ0NzNjNjNhN2NhYmRhNGYxMTg0NzU1NWY5NmFhOWJhMTUiLCJ2ZW51ZSI6ImNsdWIiLCJfYXV0aF91c2VyX2JhY2tlbmQiOiJkamFuZ28uY29udHJpYi5hdXRoLmJhY2tlbmRzLk1vZGVsQmFja2VuZCIsIl9hdXRoX3VzZXJfaWQiOiIxIn0=', '2017-03-13 16:44:04.270000'),
('k9i43kgjeoo52m4ne1dzl8748p3u0otq', 'YjdkNDZhOWFiOWE4YWRjNzIyN2NmZDA4YTc1ZGYxYmRmMmI3NzQ3Yjp7Il9hdXRoX3VzZXJfaGFzaCI6ImIyMTZlNGU2ZTUyZWE3NGYyNTcyZTBjMzkzNmY4M2ZlNGVmZTQwN2EiLCJ2ZW51ZSI6ImNsdWIiLCJfYXV0aF91c2VyX2lkIjoiNiIsIl9hdXRoX3VzZXJfYmFja2VuZCI6ImRqYW5nby5jb250cmliLmF1dGguYmFja2VuZHMuTW9kZWxCYWNrZW5kIn0=', '2017-03-20 19:02:37.262000'),
('rd7cqs0dfmbp1lphavcc3f8jsi7ns36c', 'ZGYxOTg0NjVlYzRiZGZiZTE3YWE1ZWE2ODZmMTFmN2JmYTY1MjVlYjp7Il9hdXRoX3VzZXJfaGFzaCI6ImUyYjZiNmQ0NzNjNjNhN2NhYmRhNGYxMTg0NzU1NWY5NmFhOWJhMTUiLCJ2ZW51ZSI6ImNsdWIiLCJfYXV0aF91c2VyX2JhY2tlbmQiOiJkamFuZ28uY29udHJpYi5hdXRoLmJhY2tlbmRzLk1vZGVsQmFja2VuZCIsIl9hdXRoX3VzZXJfaWQiOiIxIn0=', '2017-03-20 19:03:28.956000');

-- --------------------------------------------------------

--
-- Table structure for table `venues_address`
--

CREATE TABLE IF NOT EXISTS `venues_address` (
`id` int(11) NOT NULL,
  `address_line` varchar(150) NOT NULL,
  `zip_code` varchar(50) NOT NULL,
  `lon` varchar(50) NOT NULL,
  `let` varchar(50) NOT NULL,
  `venue_id` int(11) NOT NULL
) ENGINE=InnoDB AUTO_INCREMENT=14 DEFAULT CHARSET=latin1;

--
-- Dumping data for table `venues_address`
--

INSERT INTO `venues_address` (`id`, `address_line`, `zip_code`, `lon`, `let`, `venue_id`) VALUES
(1, 'adsd 7/8sd', '102030', '0.0', '0.0', 1),
(2, '485/4512', '124578', '0.0', '0.0', 13),
(3, 'sudb/iadsj', '784512', '0.0', '0.0', 14),
(4, 'sda/sdad', '125689', '0.0', '0.0', 15),
(5, 'sda/sdad', '125689', '0.0', '0.0', 16),
(6, 'dssd/sdds', '456566', '0.0', '0.0', 27),
(7, 'dssd/sdds', '456566', '0.0', '0.0', 28),
(8, 'dssd/sdds', '456566', '0.0', '0.0', 29),
(9, 'sda/sad', '54312564', '0.0', '0.0', 30),
(10, 'Room no. 216 A Block', '474015', '0.0', '0.0', 32),
(11, 'sadasd/asdasdsa', '124587', '0.0', '0.0', 33),
(12, 'Randi ke neeche', '102030', '0.0', '0.0', 34),
(13, 'gfddg', '4545457854545', '0.0', '0.0', 35);

-- --------------------------------------------------------

--
-- Table structure for table `venues_city`
--

CREATE TABLE IF NOT EXISTS `venues_city` (
`id` int(11) NOT NULL,
  `city_name` varchar(50) NOT NULL,
  `total_locality` int(11) NOT NULL,
  `total_venues` int(11) NOT NULL,
  `city_slug` varchar(50) NOT NULL
) ENGINE=InnoDB AUTO_INCREMENT=3 DEFAULT CHARSET=latin1;

--
-- Dumping data for table `venues_city`
--

INSERT INTO `venues_city` (`id`, `city_name`, `total_locality`, `total_venues`, `city_slug`) VALUES
(1, 'Hyderabad', 2, 46, 'hyderabad'),
(2, 'Delhi', 2, 12, 'delhi');

-- --------------------------------------------------------

--
-- Table structure for table `venues_locality`
--

CREATE TABLE IF NOT EXISTS `venues_locality` (
`id` int(11) NOT NULL,
  `locality_name` varchar(50) NOT NULL,
  `total_venues` int(11) NOT NULL,
  `city_name_id` int(11) NOT NULL,
  `locality_slug` varchar(50) NOT NULL
) ENGINE=InnoDB AUTO_INCREMENT=5 DEFAULT CHARSET=latin1;

--
-- Dumping data for table `venues_locality`
--

INSERT INTO `venues_locality` (`id`, `locality_name`, `total_venues`, `city_name_id`, `locality_slug`) VALUES
(1, 'Gandhi Nagar', 39, 1, 'gandhinagar'),
(2, 'Tariq Nagar', 9, 1, 'tariqnagar'),
(3, 'Cp', 8, 2, 'cp'),
(4, 'Hazratganj', 4, 2, 'hazratganj');

-- --------------------------------------------------------

--
-- Table structure for table `venues_venues`
--

CREATE TABLE IF NOT EXISTS `venues_venues` (
`id` int(11) NOT NULL,
  `venue_name` varchar(50) NOT NULL,
  `venue_city_id` int(11) NOT NULL,
  `venue_locality_id` int(11) NOT NULL,
  `content_type_id` int(11) NOT NULL,
  `object_id` int(10) unsigned NOT NULL
) ENGINE=InnoDB AUTO_INCREMENT=36 DEFAULT CHARSET=latin1;

--
-- Dumping data for table `venues_venues`
--

INSERT INTO `venues_venues` (`id`, `venue_name`, `venue_city_id`, `venue_locality_id`, `content_type_id`, `object_id`) VALUES
(1, 'Sinha club', 2, 3, 13, 1),
(2, 'Vaibhav Club', 1, 1, 13, 9),
(3, 'Jaroli Club', 1, 2, 13, 10),
(4, 'Anshul Club', 2, 3, 13, 11),
(5, 'Chopra Club', 1, 2, 13, 12),
(6, 'Shukla Club', 2, 3, 13, 13),
(7, 'Mota Club', 2, 4, 13, 14),
(8, 'KK Club', 1, 2, 13, 15),
(9, 'Ritik Club', 2, 3, 13, 16),
(10, 'Dog Club', 2, 4, 13, 17),
(11, 'Maaka Club', 1, 1, 13, 18),
(12, 'Maaka Club', 1, 1, 13, 19),
(13, 'Yoyo Club', 2, 3, 13, 20),
(14, 'Vikku Club', 2, 4, 13, 21),
(15, 'Niki Club', 1, 2, 13, 22),
(16, 'Niki Club', 1, 2, 13, 23),
(17, 'Niki Club', 1, 1, 13, 24),
(18, 'Niki Club', 1, 1, 13, 25),
(19, 'Niki Clubd', 1, 1, 13, 26),
(20, 'Niki Clubd', 1, 1, 13, 27),
(21, 'Niki Clubd', 1, 1, 13, 28),
(22, 'Niki Clubd', 1, 1, 13, 29),
(23, 'ee club', 1, 1, 13, 30),
(24, 'ee club', 1, 1, 13, 31),
(25, 'ee club', 1, 1, 13, 32),
(26, 'ee club', 1, 1, 13, 33),
(27, 'ff club', 1, 1, 13, 34),
(28, 'ff club', 2, 3, 13, 35),
(29, 'ff club', 1, 2, 13, 36),
(30, 'Shubhankar Club', 1, 2, 13, 37),
(31, 'Baby Club', 2, 3, 13, 38),
(32, 'AASF club', 2, 3, 13, 39),
(33, 'BMC Club', 1, 2, 13, 40),
(34, 'Asshole Club', 2, 4, 13, 41),
(35, 'fsdf', 1, 1, 13, 42);

--
-- Indexes for dumped tables
--

--
-- Indexes for table `accounts_corporateuser`
--
ALTER TABLE `accounts_corporateuser`
 ADD PRIMARY KEY (`id`), ADD UNIQUE KEY `user_id` (`user_id`);

--
-- Indexes for table `accounts_normaluser`
--
ALTER TABLE `accounts_normaluser`
 ADD PRIMARY KEY (`id`), ADD UNIQUE KEY `user_id` (`user_id`);

--
-- Indexes for table `auth_group`
--
ALTER TABLE `auth_group`
 ADD PRIMARY KEY (`id`), ADD UNIQUE KEY `name` (`name`);

--
-- Indexes for table `auth_group_permissions`
--
ALTER TABLE `auth_group_permissions`
 ADD PRIMARY KEY (`id`), ADD UNIQUE KEY `auth_group_permissions_group_id_0cd325b0_uniq` (`group_id`,`permission_id`), ADD KEY `auth_group_permissi_permission_id_84c5c92e_fk_auth_permission_id` (`permission_id`);

--
-- Indexes for table `auth_permission`
--
ALTER TABLE `auth_permission`
 ADD PRIMARY KEY (`id`), ADD UNIQUE KEY `auth_permission_content_type_id_01ab375a_uniq` (`content_type_id`,`codename`);

--
-- Indexes for table `auth_user`
--
ALTER TABLE `auth_user`
 ADD PRIMARY KEY (`id`), ADD UNIQUE KEY `username` (`username`);

--
-- Indexes for table `auth_user_groups`
--
ALTER TABLE `auth_user_groups`
 ADD PRIMARY KEY (`id`), ADD UNIQUE KEY `auth_user_groups_user_id_94350c0c_uniq` (`user_id`,`group_id`), ADD KEY `auth_user_groups_group_id_97559544_fk_auth_group_id` (`group_id`);

--
-- Indexes for table `auth_user_user_permissions`
--
ALTER TABLE `auth_user_user_permissions`
 ADD PRIMARY KEY (`id`), ADD UNIQUE KEY `auth_user_user_permissions_user_id_14a6b632_uniq` (`user_id`,`permission_id`), ADD KEY `auth_user_user_perm_permission_id_1fbb5f2c_fk_auth_permission_id` (`permission_id`);

--
-- Indexes for table `bookings_booking`
--
ALTER TABLE `bookings_booking`
 ADD PRIMARY KEY (`id`), ADD KEY `bookings_booking_69b23770` (`status_id_id`), ADD KEY `bookings_booking_e8701ad4` (`user_id`);

--
-- Indexes for table `bookings_ordervenue`
--
ALTER TABLE `bookings_ordervenue`
 ADD PRIMARY KEY (`id`), ADD KEY `bookings_ordervenu_booking_id_id_c0e818a3_fk_bookings_booking_id` (`booking_id_id`), ADD KEY `bookings_orderv_venue_type_id_f03f9f12_fk_django_content_type_id` (`venue_type_id`);

--
-- Indexes for table `bookings_payment`
--
ALTER TABLE `bookings_payment`
 ADD PRIMARY KEY (`id`), ADD KEY `bookings_payment_booking_id_id_4b2e5407_fk_bookings_booking_id` (`booking_id_id`), ADD KEY `bookings_payment_f4292d53` (`payment_method_id`), ADD KEY `bookings_payment_e8701ad4` (`user_id`);

--
-- Indexes for table `bookings_payment_method`
--
ALTER TABLE `bookings_payment_method`
 ADD PRIMARY KEY (`id`);

--
-- Indexes for table `bookings_status`
--
ALTER TABLE `bookings_status`
 ADD PRIMARY KEY (`id`);

--
-- Indexes for table `club_club`
--
ALTER TABLE `club_club`
 ADD PRIMARY KEY (`id`), ADD UNIQUE KEY `club_slug` (`club_slug`), ADD KEY `club_club_user_id_bfe043d8_fk_auth_user_id` (`user_id`);

--
-- Indexes for table `club_entry_rate`
--
ALTER TABLE `club_entry_rate`
 ADD PRIMARY KEY (`id`), ADD KEY `club_entry_rate_club_name_id_a6da0daf_fk_club_club_id` (`club_name_id`), ADD KEY `club_entry_rate_059e7bc0` (`entry_type_r_id`);

--
-- Indexes for table `club_entry_type`
--
ALTER TABLE `club_entry_type`
 ADD PRIMARY KEY (`id`);

--
-- Indexes for table `club_service`
--
ALTER TABLE `club_service`
 ADD PRIMARY KEY (`id`), ADD KEY `club_service_club_name_id_b6358f20_fk_club_club_id` (`club_name_id`);

--
-- Indexes for table `django_admin_log`
--
ALTER TABLE `django_admin_log`
 ADD PRIMARY KEY (`id`), ADD KEY `django_admin__content_type_id_c4bce8eb_fk_django_content_type_id` (`content_type_id`), ADD KEY `django_admin_log_user_id_c564eba6_fk_auth_user_id` (`user_id`);

--
-- Indexes for table `django_content_type`
--
ALTER TABLE `django_content_type`
 ADD PRIMARY KEY (`id`), ADD UNIQUE KEY `django_content_type_app_label_76bd3d3b_uniq` (`app_label`,`model`);

--
-- Indexes for table `django_migrations`
--
ALTER TABLE `django_migrations`
 ADD PRIMARY KEY (`id`);

--
-- Indexes for table `django_session`
--
ALTER TABLE `django_session`
 ADD PRIMARY KEY (`session_key`), ADD KEY `django_session_de54fa62` (`expire_date`);

--
-- Indexes for table `venues_address`
--
ALTER TABLE `venues_address`
 ADD PRIMARY KEY (`id`), ADD KEY `venues_address_f3a4803c` (`venue_id`);

--
-- Indexes for table `venues_city`
--
ALTER TABLE `venues_city`
 ADD PRIMARY KEY (`id`), ADD UNIQUE KEY `city_slug` (`city_slug`);

--
-- Indexes for table `venues_locality`
--
ALTER TABLE `venues_locality`
 ADD PRIMARY KEY (`id`), ADD UNIQUE KEY `locality_slug` (`locality_slug`), ADD KEY `venues_locality_city_name_id_e2e373c1_fk_venues_city_id` (`city_name_id`);

--
-- Indexes for table `venues_venues`
--
ALTER TABLE `venues_venues`
 ADD PRIMARY KEY (`id`), ADD KEY `venues_venues_417f1b1c` (`content_type_id`), ADD KEY `venues_venues_venue_city_id_c04d9e65_fk_venues_city_id` (`venue_city_id`), ADD KEY `venues_venues_venue_locality_id_67a420c8_fk_venues_locality_id` (`venue_locality_id`);

--
-- AUTO_INCREMENT for dumped tables
--

--
-- AUTO_INCREMENT for table `accounts_corporateuser`
--
ALTER TABLE `accounts_corporateuser`
MODIFY `id` int(11) NOT NULL AUTO_INCREMENT,AUTO_INCREMENT=5;
--
-- AUTO_INCREMENT for table `accounts_normaluser`
--
ALTER TABLE `accounts_normaluser`
MODIFY `id` int(11) NOT NULL AUTO_INCREMENT,AUTO_INCREMENT=5;
--
-- AUTO_INCREMENT for table `auth_group`
--
ALTER TABLE `auth_group`
MODIFY `id` int(11) NOT NULL AUTO_INCREMENT;
--
-- AUTO_INCREMENT for table `auth_group_permissions`
--
ALTER TABLE `auth_group_permissions`
MODIFY `id` int(11) NOT NULL AUTO_INCREMENT;
--
-- AUTO_INCREMENT for table `auth_permission`
--
ALTER TABLE `auth_permission`
MODIFY `id` int(11) NOT NULL AUTO_INCREMENT,AUTO_INCREMENT=64;
--
-- AUTO_INCREMENT for table `auth_user`
--
ALTER TABLE `auth_user`
MODIFY `id` int(11) NOT NULL AUTO_INCREMENT,AUTO_INCREMENT=11;
--
-- AUTO_INCREMENT for table `auth_user_groups`
--
ALTER TABLE `auth_user_groups`
MODIFY `id` int(11) NOT NULL AUTO_INCREMENT;
--
-- AUTO_INCREMENT for table `auth_user_user_permissions`
--
ALTER TABLE `auth_user_user_permissions`
MODIFY `id` int(11) NOT NULL AUTO_INCREMENT;
--
-- AUTO_INCREMENT for table `bookings_booking`
--
ALTER TABLE `bookings_booking`
MODIFY `id` int(11) NOT NULL AUTO_INCREMENT,AUTO_INCREMENT=215;
--
-- AUTO_INCREMENT for table `bookings_ordervenue`
--
ALTER TABLE `bookings_ordervenue`
MODIFY `id` int(11) NOT NULL AUTO_INCREMENT,AUTO_INCREMENT=199;
--
-- AUTO_INCREMENT for table `bookings_payment`
--
ALTER TABLE `bookings_payment`
MODIFY `id` int(11) NOT NULL AUTO_INCREMENT,AUTO_INCREMENT=208;
--
-- AUTO_INCREMENT for table `bookings_payment_method`
--
ALTER TABLE `bookings_payment_method`
MODIFY `id` int(11) NOT NULL AUTO_INCREMENT,AUTO_INCREMENT=4;
--
-- AUTO_INCREMENT for table `bookings_status`
--
ALTER TABLE `bookings_status`
MODIFY `id` int(11) NOT NULL AUTO_INCREMENT,AUTO_INCREMENT=2;
--
-- AUTO_INCREMENT for table `club_club`
--
ALTER TABLE `club_club`
MODIFY `id` int(11) NOT NULL AUTO_INCREMENT,AUTO_INCREMENT=43;
--
-- AUTO_INCREMENT for table `club_entry_rate`
--
ALTER TABLE `club_entry_rate`
MODIFY `id` int(11) NOT NULL AUTO_INCREMENT,AUTO_INCREMENT=38;
--
-- AUTO_INCREMENT for table `club_entry_type`
--
ALTER TABLE `club_entry_type`
MODIFY `id` int(11) NOT NULL AUTO_INCREMENT,AUTO_INCREMENT=6;
--
-- AUTO_INCREMENT for table `club_service`
--
ALTER TABLE `club_service`
MODIFY `id` int(11) NOT NULL AUTO_INCREMENT,AUTO_INCREMENT=14;
--
-- AUTO_INCREMENT for table `django_admin_log`
--
ALTER TABLE `django_admin_log`
MODIFY `id` int(11) NOT NULL AUTO_INCREMENT,AUTO_INCREMENT=51;
--
-- AUTO_INCREMENT for table `django_content_type`
--
ALTER TABLE `django_content_type`
MODIFY `id` int(11) NOT NULL AUTO_INCREMENT,AUTO_INCREMENT=22;
--
-- AUTO_INCREMENT for table `django_migrations`
--
ALTER TABLE `django_migrations`
MODIFY `id` int(11) NOT NULL AUTO_INCREMENT,AUTO_INCREMENT=27;
--
-- AUTO_INCREMENT for table `venues_address`
--
ALTER TABLE `venues_address`
MODIFY `id` int(11) NOT NULL AUTO_INCREMENT,AUTO_INCREMENT=14;
--
-- AUTO_INCREMENT for table `venues_city`
--
ALTER TABLE `venues_city`
MODIFY `id` int(11) NOT NULL AUTO_INCREMENT,AUTO_INCREMENT=3;
--
-- AUTO_INCREMENT for table `venues_locality`
--
ALTER TABLE `venues_locality`
MODIFY `id` int(11) NOT NULL AUTO_INCREMENT,AUTO_INCREMENT=5;
--
-- AUTO_INCREMENT for table `venues_venues`
--
ALTER TABLE `venues_venues`
MODIFY `id` int(11) NOT NULL AUTO_INCREMENT,AUTO_INCREMENT=36;
--
-- Constraints for dumped tables
--

--
-- Constraints for table `accounts_corporateuser`
--
ALTER TABLE `accounts_corporateuser`
ADD CONSTRAINT `accounts_corporateuser_user_id_24534a7c_fk_auth_user_id` FOREIGN KEY (`user_id`) REFERENCES `auth_user` (`id`);

--
-- Constraints for table `accounts_normaluser`
--
ALTER TABLE `accounts_normaluser`
ADD CONSTRAINT `accounts_normaluser_user_id_af253e45_fk_auth_user_id` FOREIGN KEY (`user_id`) REFERENCES `auth_user` (`id`);

--
-- Constraints for table `auth_group_permissions`
--
ALTER TABLE `auth_group_permissions`
ADD CONSTRAINT `auth_group_permissi_permission_id_84c5c92e_fk_auth_permission_id` FOREIGN KEY (`permission_id`) REFERENCES `auth_permission` (`id`),
ADD CONSTRAINT `auth_group_permissions_group_id_b120cbf9_fk_auth_group_id` FOREIGN KEY (`group_id`) REFERENCES `auth_group` (`id`);

--
-- Constraints for table `auth_permission`
--
ALTER TABLE `auth_permission`
ADD CONSTRAINT `auth_permissi_content_type_id_2f476e4b_fk_django_content_type_id` FOREIGN KEY (`content_type_id`) REFERENCES `django_content_type` (`id`);

--
-- Constraints for table `auth_user_groups`
--
ALTER TABLE `auth_user_groups`
ADD CONSTRAINT `auth_user_groups_group_id_97559544_fk_auth_group_id` FOREIGN KEY (`group_id`) REFERENCES `auth_group` (`id`),
ADD CONSTRAINT `auth_user_groups_user_id_6a12ed8b_fk_auth_user_id` FOREIGN KEY (`user_id`) REFERENCES `auth_user` (`id`);

--
-- Constraints for table `auth_user_user_permissions`
--
ALTER TABLE `auth_user_user_permissions`
ADD CONSTRAINT `auth_user_user_perm_permission_id_1fbb5f2c_fk_auth_permission_id` FOREIGN KEY (`permission_id`) REFERENCES `auth_permission` (`id`),
ADD CONSTRAINT `auth_user_user_permissions_user_id_a95ead1b_fk_auth_user_id` FOREIGN KEY (`user_id`) REFERENCES `auth_user` (`id`);

--
-- Constraints for table `bookings_booking`
--
ALTER TABLE `bookings_booking`
ADD CONSTRAINT `bookings_booking_status_id_id_d89f407d_fk_bookings_status_id` FOREIGN KEY (`status_id_id`) REFERENCES `bookings_status` (`id`),
ADD CONSTRAINT `bookings_booking_user_id_834dfc23_fk_auth_user_id` FOREIGN KEY (`user_id`) REFERENCES `auth_user` (`id`);

--
-- Constraints for table `bookings_ordervenue`
--
ALTER TABLE `bookings_ordervenue`
ADD CONSTRAINT `bookings_orderv_venue_type_id_f03f9f12_fk_django_content_type_id` FOREIGN KEY (`venue_type_id`) REFERENCES `django_content_type` (`id`),
ADD CONSTRAINT `bookings_ordervenu_booking_id_id_c0e818a3_fk_bookings_booking_id` FOREIGN KEY (`booking_id_id`) REFERENCES `bookings_booking` (`id`);

--
-- Constraints for table `bookings_payment`
--
ALTER TABLE `bookings_payment`
ADD CONSTRAINT `booking_payment_method_id_a2954e68_fk_bookings_payment_method_id` FOREIGN KEY (`payment_method_id`) REFERENCES `bookings_payment_method` (`id`),
ADD CONSTRAINT `bookings_payment_booking_id_id_4b2e5407_fk_bookings_booking_id` FOREIGN KEY (`booking_id_id`) REFERENCES `bookings_booking` (`id`),
ADD CONSTRAINT `bookings_payment_user_id_fe850ec5_fk_auth_user_id` FOREIGN KEY (`user_id`) REFERENCES `auth_user` (`id`);

--
-- Constraints for table `club_club`
--
ALTER TABLE `club_club`
ADD CONSTRAINT `club_club_user_id_bfe043d8_fk_auth_user_id` FOREIGN KEY (`user_id`) REFERENCES `auth_user` (`id`);

--
-- Constraints for table `club_entry_rate`
--
ALTER TABLE `club_entry_rate`
ADD CONSTRAINT `club_entry_rate_club_name_id_a6da0daf_fk_club_club_id` FOREIGN KEY (`club_name_id`) REFERENCES `club_club` (`id`),
ADD CONSTRAINT `club_entry_rate_entry_type_r_id_197cef10_fk_club_entry_type_id` FOREIGN KEY (`entry_type_r_id`) REFERENCES `club_entry_type` (`id`);

--
-- Constraints for table `club_service`
--
ALTER TABLE `club_service`
ADD CONSTRAINT `club_service_club_name_id_b6358f20_fk_club_club_id` FOREIGN KEY (`club_name_id`) REFERENCES `club_club` (`id`);

--
-- Constraints for table `django_admin_log`
--
ALTER TABLE `django_admin_log`
ADD CONSTRAINT `django_admin__content_type_id_c4bce8eb_fk_django_content_type_id` FOREIGN KEY (`content_type_id`) REFERENCES `django_content_type` (`id`),
ADD CONSTRAINT `django_admin_log_user_id_c564eba6_fk_auth_user_id` FOREIGN KEY (`user_id`) REFERENCES `auth_user` (`id`);

--
-- Constraints for table `venues_address`
--
ALTER TABLE `venues_address`
ADD CONSTRAINT `venues_address_venue_id_80b0ba4f_fk_venues_venues_id` FOREIGN KEY (`venue_id`) REFERENCES `venues_venues` (`id`);

--
-- Constraints for table `venues_locality`
--
ALTER TABLE `venues_locality`
ADD CONSTRAINT `venues_locality_city_name_id_e2e373c1_fk_venues_city_id` FOREIGN KEY (`city_name_id`) REFERENCES `venues_city` (`id`);

--
-- Constraints for table `venues_venues`
--
ALTER TABLE `venues_venues`
ADD CONSTRAINT `venues_venues_content_type_id_a7efc30f_fk_django_content_type_id` FOREIGN KEY (`content_type_id`) REFERENCES `django_content_type` (`id`),
ADD CONSTRAINT `venues_venues_venue_city_id_c04d9e65_fk_venues_city_id` FOREIGN KEY (`venue_city_id`) REFERENCES `venues_city` (`id`),
ADD CONSTRAINT `venues_venues_venue_locality_id_67a420c8_fk_venues_locality_id` FOREIGN KEY (`venue_locality_id`) REFERENCES `venues_locality` (`id`);

/*!40101 SET CHARACTER_SET_CLIENT=@OLD_CHARACTER_SET_CLIENT */;
/*!40101 SET CHARACTER_SET_RESULTS=@OLD_CHARACTER_SET_RESULTS */;
/*!40101 SET COLLATION_CONNECTION=@OLD_COLLATION_CONNECTION */;
